URL,HELP Cat,Include,Header,Notes
,,1,1. SQL Statements and Structure,
,,1,1.1 SQL Statements,
,,1,1.1.1 Account Management SQL Commands ,
https://mariadb.com/kb/en/create-user/,10,1,1.1.1.1,
https://mariadb.com/kb/en/alter-user/,10,1,1.1.1.2,
https://mariadb.com/kb/en/drop-user/,10,1,1.1.1.3,
https://mariadb.com/kb/en/grant/,10,1,1.1.1.4,
https://mariadb.com/kb/en/rename-user/,10,1,1.1.1.5,
https://mariadb.com/kb/en/revoke/,10,1,1.1.1.6,
https://mariadb.com/kb/en/set-password/,10,1,1.1.1.7,
https://mariadb.com/kb/en/create-role/,10,1,1.1.1.8,
https://mariadb.com/kb/en/drop-role/,10,1,1.1.1.9,
https://mariadb.com/kb/en/set-role/,10,1,1.1.1.10,
https://mariadb.com/kb/en/set-default-role/,10,1,1.1.1.11,
https://mariadb.com/kb/en/show-grants/,26,1,1.1.1.12,
https://mariadb.com/kb/en/show-create-user/,26,1,1.1.1.13,
,,1,1.1.2. Administrative SQL Statements,
,,1,1.1.2.1 Table Statements,
,,1,1.1.2.1.1 ALTER,
https://mariadb.com/kb/en/alter-table/,39,1,1.1.2.1.1.1,
https://mariadb.com/kb/en/alter-database/,39,1,1.1.2.1.1.2,
https://mariadb.com/kb/en/alter-event/,39,1,1.1.2.1.1.3,
https://mariadb.com/kb/en/alter-function/,39,1,1.1.2.1.1.4,
https://mariadb.com/kb/en/alter-logfile-group/,39,1,1.1.2.1.1.5,
https://mariadb.com/kb/en/alter-procedure/,39,1,1.1.2.1.1.6,
https://mariadb.com/kb/en/alter-sequence/,TBC,1,1.1.2.1.1.7,
https://mariadb.com/kb/en/alter-server/,39,1,1.1.2.1.1.8,
https://mariadb.com/kb/en/alter-tablespace/,39,1,1.1.2.1.1.9,
https://mariadb.com/kb/en/alter-user/,10,2,1.1.2.1.1.10,Already above
https://mariadb.com/kb/en/alter-view/,39,1,1.1.2.1.2,
https://mariadb.com/kb/en/analyze-table/,20,1,1.1.2.1.3,
https://mariadb.com/kb/en/check-table/,20,1,1.1.2.1.4,
https://mariadb.com/kb/en/check-view/,20,1,1.1.2.1.5,
https://mariadb.com/kb/en/checksum-table/,20,1,1.1.2.1.6,
https://mariadb.com/kb/en/create-table/,39,1,1.1.2.1.7,
https://mariadb.com/kb/en/delete/,27,1,1.1.2.1.8,
https://mariadb.com/kb/en/drop-table/,39,1,1.1.2.1.9,
https://mariadb.com/kb/en/installing-system-tables-mysql_install_db/,TBC,1,1.1.2.1.10,
https://mariadb.com/kb/en/mysqlcheck/,TBC,1,1.1.2.1.11,
https://mariadb.com/kb/en/optimize-table/,20,1,1.1.2.1.12,
https://mariadb.com/kb/en/rename-table/,39,1,1.1.2.1.13,
https://mariadb.com/kb/en/repair-table/,20,1,1.1.2.1.14,
https://mariadb.com/kb/en/repair-view/,20,1,1.1.2.1.15,
https://mariadb.com/kb/en/replace/,27,1,1.1.2.1.16,
https://mariadb.com/kb/en/show-columns/,26,1,1.1.2.1.17,
https://mariadb.com/kb/en/show-create-table/,26,1,1.1.2.1.18,
https://mariadb.com/kb/en/show-index/,26,1,1.1.2.1.19,
https://mariadb.com/kb/en/truncate-table/,39,1,1.1.2.1.20,
https://mariadb.com/kb/en/update/,27,1,1.1.2.1.21,
https://mariadb.com/kb/en/backup-table-removed/,,0,,
https://mariadb.com/kb/en/restore-table-removed/,,0,,
https://mariadb.com/kb/en/ignore/,27,1,1.1.2.1.22,
https://mariadb.com/kb/en/system-versioned-tables/,TBC,2,,Use below rather
,,,1.1.2.2 ANALYZE and EXPLAIN Statements,
https://mariadb.com/kb/en/analyze-format-json/,28,1,1.1.2.2.1,
https://mariadb.com/kb/en/analyze-formatjson-examples/,28,1,1.1.2.2.2,
https://mariadb.com/kb/en/analyze-statement/,TBC,1,1.1.2.2.3,
https://mariadb.com/kb/en/explain/,28,1,1.1.2.2.4,
https://mariadb.com/kb/en/explain-analyze/,28,1,1.1.2.2.5,
https://mariadb.com/kb/en/explain-format-json/,TBC,1,1.1.2.2.6,
https://mariadb.com/kb/en/show-explain/,26,1,1.1.2.2.7,
https://mariadb.com/kb/en/using-buffer-update-algorithm/,TBC,1,1.1.2.2.8,
,,,1.1.2.3 BACKUP Commands,
https://mariadb.com/kb/en/backup-stage/,TBC,1,1.1.2.3.1,
https://mariadb.com/kb/en/backup-lock/,TBC,1,1.1.2.3.2,
https://mariadb.com/kb/en/mariabackup-and-backup-stage-commands/,TBC,1,1.1.2.3.3,
https://mariadb.com/kb/en/storage-snapshots-and-backup-stage-commands/,TBC,1,1.1.2.3.4,
,,,1.1.2.4 FLUSH Commands,
https://mariadb.com/kb/en/flush/,26,1,1.1.2.4.1,
https://mariadb.com/kb/en/flush-query-cache/,26,1,1.1.2.4.2,
https://mariadb.com/kb/en/flush-tables-for-export/,26,1,1.1.2.4.3,
,,,1.1.2.5 Replication Commands,
https://mariadb.com/kb/en/change-master-to/,8,1,1.1.2.5.1,
https://mariadb.com/kb/en/start-replica/,8,1,1.1.2.5.2,
https://mariadb.com/kb/en/stop-replica/,8,1,1.1.2.5.3,
https://mariadb.com/kb/en/reset-replica/,8,1,1.1.2.5.4,
https://mariadb.com/kb/en/set-global-sql_slave_skip_counter/,TBC,1,1.1.2.5.5,
https://mariadb.com/kb/en/show-relaylog-events/,26,1,1.1.2.5.6,
https://mariadb.com/kb/en/show-replica-status/,26,1,1.1.2.5.7,
https://mariadb.com/kb/en/show-binlog-status/,26,1,1.1.2.5.8,
https://mariadb.com/kb/en/show-replica-hosts/,26,1,1.1.2.5.9,
https://mariadb.com/kb/en/reset-master/,8,1,1.1.2.5.10,
,,,1.1.2.6 Plugin SQL Statements,
https://mariadb.com/kb/en/show-plugins/,26,1,1.1.2.6.1,
https://mariadb.com/kb/en/show-plugins-soname/,26,1,1.1.2.6.2,
https://mariadb.com/kb/en/install-plugin/,5,1,1.1.2.6.3,
https://mariadb.com/kb/en/uninstall-plugin/,5,1,1.1.2.6.4,
https://mariadb.com/kb/en/install-soname/,5,1,1.1.2.6.5,
https://mariadb.com/kb/en/uninstall-soname/,5,1,1.1.2.6.6,
https://mariadb.com/kb/en/mysql_plugin/,TBC,1,1.1.2.6.7,
,,,1.1.2.7 SET Commands,
https://mariadb.com/kb/en/set/,26,1,1.1.2.7.1,
https://mariadb.com/kb/en/set-character-set/,TBC,1,1.1.2.7.2,
https://mariadb.com/kb/en/set-global-sql_slave_skip_counter/,TBC,1,1.1.2.7.3,
https://mariadb.com/kb/en/set-names/,TBC,1,1.1.2.7.4,
https://mariadb.com/kb/en/set-password/,TBC,1,1.1.2.7.5,
https://mariadb.com/kb/en/set-role/,TBC,1,1.1.2.7.6,
https://mariadb.com/kb/en/set-sql_log_bin/,TBC,1,1.1.2.7.7,
https://mariadb.com/kb/en/set-statement/,TBC,1,1.1.2.7.8,
https://mariadb.com/kb/en/set-transaction/,8,1,1.1.2.7.9,
https://mariadb.com/kb/en/set-variable/,TBC,1,1.1.2.7.10,
,,,1.1.2.8 SHOW,
https://mariadb.com/kb/en/about-show/,26,1,1.1.2.8.1,
https://mariadb.com/kb/en/extended-show/,TBC,1,1.1.2.8.2,
https://mariadb.com/kb/en/show-authors/,26,1,1.1.2.8.3,
https://mariadb.com/kb/en/show-binary-logs/,26,1,1.1.2.8.4,
https://mariadb.com/kb/en/show-binlog-events/,26,1,1.1.2.8.5,
https://mariadb.com/kb/en/show-character-set/,26,1,1.1.2.8.6,
https://mariadb.com/kb/en/show-client-statistics/,26,1,1.1.2.8.7,
https://mariadb.com/kb/en/show-columns/,26,2,1.1.2.8.8,Already above
https://mariadb.com/kb/en/show-contributors/,26,1,1.1.2.8.9,
https://mariadb.com/kb/en/show-create-database/,26,1,1.1.2.8.10,
https://mariadb.com/kb/en/show-create-event/,26,1,1.1.2.8.11,
https://mariadb.com/kb/en/show-create-function/,26,1,1.1.2.8.12,
https://mariadb.com/kb/en/show-create-package/,26,1,1.1.2.8.13,
https://mariadb.com/kb/en/show-create-package-body/,26,1,1.1.2.8.14,
https://mariadb.com/kb/en/show-create-procedure/,26,1,1.1.2.8.15,
https://mariadb.com/kb/en/show-create-sequence/,26,1,1.1.2.8.16,
https://mariadb.com/kb/en/show-create-table/,26,2,1.1.2.8.17,Already above
https://mariadb.com/kb/en/show-create-trigger/,26,1,1.1.2.8.18,
https://mariadb.com/kb/en/show-create-user/,,2,1.1.2.8.19,Already above
https://mariadb.com/kb/en/show-create-view/,26,1,1.1.2.8.20,
https://mariadb.com/kb/en/show-databases/,26,1,1.1.2.8.21,
https://mariadb.com/kb/en/show-engine/,26,1,1.1.2.8.22,
https://mariadb.com/kb/en/show-engine-innodb-status/,26,1,1.1.2.8.23,
https://mariadb.com/kb/en/show-engines/,26,1,1.1.2.8.24,
https://mariadb.com/kb/en/show-errors/,26,1,1.1.2.8.25,
https://mariadb.com/kb/en/show-events/,26,1,1.1.2.8.26,
https://mariadb.com/kb/en/show-function-status/,26,1,1.1.2.8.27,
https://mariadb.com/kb/en/show-grants/,,2,1.1.2.8.28,Already above
https://mariadb.com/kb/en/show-index/,,2,1.1.2.8.29,Already above
https://mariadb.com/kb/en/show-index-statistics/,TBC,1,1.1.2.8.30,
https://mariadb.com/kb/en/show-innodb-status-removed/,,0,1.1.2.8.31,
https://mariadb.com/kb/en/show-locales/,26,1,1.1.2.8.32,
https://mariadb.com/kb/en/show-binlog-status/,26,2,1.1.2.8.33,Already above
https://mariadb.com/kb/en/show-open-tables/,26,1,1.1.2.8.34,
https://mariadb.com/kb/en/show-package-body-status/,26,1,1.1.2.8.35,
https://mariadb.com/kb/en/show-package-status/,26,1,1.1.2.8.36,
https://mariadb.com/kb/en/show-plugins/,26,2,1.1.2.8.37,Already above
https://mariadb.com/kb/en/show-plugins-soname/,26,2,1.1.2.8.38,Already above
https://mariadb.com/kb/en/show-privileges/,26,1,1.1.2.8.39,
https://mariadb.com/kb/en/show-procedure-code/,26,1,1.1.2.8.40,
https://mariadb.com/kb/en/show-procedure-status/,26,1,1.1.2.8.41,
https://mariadb.com/kb/en/show-processlist/,26,1,1.1.2.8.42,
https://mariadb.com/kb/en/show-profiles/,26,1,1.1.2.8.43,
https://mariadb.com/kb/en/show-query_response_time/,26,1,1.1.2.8.44,
https://mariadb.com/kb/en/show-relaylog-events/,26,2,1.1.2.8.45,Already above
https://mariadb.com/kb/en/show-replica-hosts/,26,2,1.1.2.8.46,Already above
https://mariadb.com/kb/en/show-replica-status/,26,2,1.1.2.8.47,Already above
https://mariadb.com/kb/en/show-status/,26,1,1.1.2.8.48,
https://mariadb.com/kb/en/show-table-status/,26,1,1.1.2.8.49,
https://mariadb.com/kb/en/library/show-tables/,26,1,1.1.2.8.50,
https://mariadb.com/kb/en/show-table-statistics/,26,1,1.1.2.8.51,
https://mariadb.com/kb/en/show-triggers/,26,1,1.1.2.8.52,
https://mariadb.com/kb/en/show-user-statistics/,26,1,1.1.2.8.53,
https://mariadb.com/kb/en/show-variables/,26,1,1.1.2.8.54,
https://mariadb.com/kb/en/show-warnings/,26,1,1.1.2.8.55,
https://mariadb.com/kb/en/show-wsrep_membership/,26,1,1.1.2.8.56,
https://mariadb.com/kb/en/show-wsrep_status/,26,1,1.1.2.8.57,
,,,1.1.2.9 System Tables,
,,,1.1.2.9.1 Information Schema,
,,,1.1.2.9.1.1 Information Schema Tables,
,,,1.1.2.9.1.1.1 Information Schema InnoDB Tables,
https://mariadb.com/kb/en/information-schema-innodb_buffer_page-table/,TBC,1,1.1.2.9.1.1.1.1,
https://mariadb.com/kb/en/information-schema-innodb_buffer_page_lru-table/,TBC,1,1.1.2.9.1.1.1.2,
https://mariadb.com/kb/en/information-schema-innodb_buffer_pool_pages-table/,TBC,1,1.1.2.9.1.1.1.3,
https://mariadb.com/kb/en/information-schema-innodb_buffer_pool_pages_blob-table/,TBC,1,1.1.2.9.1.1.1.4,
https://mariadb.com/kb/en/information-schema-innodb_buffer_pool_pages_index-table/,TBC,1,1.1.2.9.1.1.1.5,
https://mariadb.com/kb/en/information-schema-innodb_buffer_pool_stats-table/,TBC,1,1.1.2.9.1.1.1.6,
https://mariadb.com/kb/en/information-schema-innodb_changed_pages-table/,TBC,1,1.1.2.9.1.1.1.7,
https://mariadb.com/kb/en/information-schema-innodb_cmp-and-innodb_cmp_reset-tables/,TBC,1,1.1.2.9.1.1.1.8,
https://mariadb.com/kb/en/information-schema-innodb_cmpmem-and-innodb_cmpmem_reset-tables/,TBC,1,1.1.2.9.1.1.1.9,
https://mariadb.com/kb/en/information-schema-innodb-tables-information-schema-innodb_cmp_per_index-an/,TBC,1,1.1.2.9.1.1.1.10,
https://mariadb.com/kb/en/information-schema-innodb_ft_being_deleted-table/,TBC,1,1.1.2.9.1.1.1.11,
https://mariadb.com/kb/en/information-schema-innodb_ft_config-table/,TBC,1,1.1.2.9.1.1.1.12,
https://mariadb.com/kb/en/information-schema-innodb_ft_default_stopword-table/,TBC,1,1.1.2.9.1.1.1.13,
https://mariadb.com/kb/en/information-schema-innodb_ft_deleted-table/,TBC,1,1.1.2.9.1.1.1.14,
https://mariadb.com/kb/en/information-schema-innodb_ft_index_cache-table/,TBC,1,1.1.2.9.1.1.1.15,
https://mariadb.com/kb/en/information-schema-innodb_ft_index_table-table/,TBC,1,1.1.2.9.1.1.1.16,
https://mariadb.com/kb/en/information-schema-innodb_lock_waits-table/,TBC,1,1.1.2.9.1.1.1.17,
https://mariadb.com/kb/en/information-schema-innodb_locks-table/,TBC,1,1.1.2.9.1.1.1.18,
https://mariadb.com/kb/en/information-schema-innodb_metrics-table/,TBC,1,1.1.2.9.1.1.1.19,
https://mariadb.com/kb/en/information-schema-innodb_mutexes-table/,TBC,1,1.1.2.9.1.1.1.20,
https://mariadb.com/kb/en/information-schema-innodb_sys_columns-table/,TBC,1,1.1.2.9.1.1.1.21,
https://mariadb.com/kb/en/information-schema-innodb_sys_datafiles-table/,TBC,1,1.1.2.9.1.1.1.22,
https://mariadb.com/kb/en/information-schema-innodb_sys_fields-table/,TBC,1,1.1.2.9.1.1.1.23,
https://mariadb.com/kb/en/information-schema-innodb_sys_foreign-table/,TBC,1,1.1.2.9.1.1.1.24,
https://mariadb.com/kb/en/information-schema-innodb_sys_foreign_cols-table/,TBC,1,1.1.2.9.1.1.1.25,
https://mariadb.com/kb/en/information-schema-innodb_sys_indexes-table/,TBC,1,1.1.2.9.1.1.1.26,
https://mariadb.com/kb/en/information-schema-innodb_sys_semaphore_waits-table/,TBC,1,1.1.2.9.1.1.1.27,
https://mariadb.com/kb/en/information-schema-innodb_sys_tables-table/,TBC,1,1.1.2.9.1.1.1.28,
https://mariadb.com/kb/en/information-schema-innodb_sys_tablespaces-table/,TBC,1,1.1.2.9.1.1.1.29,
https://mariadb.com/kb/en/information-schema-innodb_sys_tablestats-table/,TBC,1,1.1.2.9.1.1.1.30,
https://mariadb.com/kb/en/information-schema-innodb_sys_virtual-table/,TBC,1,1.1.2.9.1.1.1.31,
https://mariadb.com/kb/en/information-schema-innodb_tablespaces_encryption-table/,TBC,1,1.1.2.9.1.1.1.32,
https://mariadb.com/kb/en/information-schema-innodb_tablespaces_scrubbing-table/,TBC,1,1.1.2.9.1.1.1.33,
https://mariadb.com/kb/en/information-schema-innodb_trx-table/,TBC,1,1.1.2.9.1.1.1.34,
https://mariadb.com/kb/en/information-schema-temp_tables_info-table/,TBC,1,1.1.2.9.1.1.1.35,
,,1,1.1.2.9.1.1.2 Information Schema MyRocks Tables,
https://mariadb.com/kb/en/information-schema-rocksdb_cfstats-table/,TBC,1,1.1.2.9.1.1.2.,
https://mariadb.com/kb/en/information-schema-rocksdb_cf_options-table/,TBC,1,1.1.2.9.1.1.2.1,
https://mariadb.com/kb/en/information-schema-rocksdb_compaction_stats-table/,TBC,1,1.1.2.9.1.1.2.2,
https://mariadb.com/kb/en/information-schema-rocksdb_dbstats-table/,TBC,1,1.1.2.9.1.1.2.3,
https://mariadb.com/kb/en/information-schema-rocksdb_ddl-table/,TBC,1,1.1.2.9.1.1.2.4,
https://mariadb.com/kb/en/information-schema-rocksdb_deadlock-table/,TBC,1,1.1.2.9.1.1.2.5,
https://mariadb.com/kb/en/information-schema-rocksdb_global_info-table/,TBC,1,1.1.2.9.1.1.2.6,
https://mariadb.com/kb/en/information-schema-rocksdb_index_file_map-table/,TBC,1,1.1.2.9.1.1.2.7,
https://mariadb.com/kb/en/information-schema-rocksdb_locks-table/,TBC,1,1.1.2.9.1.1.2.8,
https://mariadb.com/kb/en/information-schema-rocksdb_perf_context-table/,TBC,1,1.1.2.9.1.1.2.9,
https://mariadb.com/kb/en/information-schema-rocksdb_perf_context_global-table/,TBC,1,1.1.2.9.1.1.2.10,
https://mariadb.com/kb/en/information-schema-rocksdb_sst_props-table/,TBC,1,1.1.2.9.1.1.2.11,
https://mariadb.com/kb/en/information-schema-rocksdb_trx-table/,TBC,1,1.1.2.9.1.1.2.12,
,,0,Information Schema XtraDB Tables,
https://mariadb.com/kb/en/information-schema-changed_page_bitmaps-table/,TBC,0,,
https://mariadb.com/kb/en/information-schema-innodb_buffer_pool_pages-table/,TBC,0,,
https://mariadb.com/kb/en/information-schema-innodb_buffer_pool_pages_blob-table/,TBC,0,,
https://mariadb.com/kb/en/information-schema-innodb_buffer_pool_pages_index-table/,TBC,0,,
https://mariadb.com/kb/en/information-schema-innodb_undo_logs-table/,TBC,0,,
https://mariadb.com/kb/en/information-schema-xtradb_internal_hash_tables-table/,TBC,0,,
https://mariadb.com/kb/en/information-schema-xtradb_read_view-table/,TBC,0,,
https://mariadb.com/kb/en/information-schema-xtradb_rseg-table/,TBC,0,,
https://mariadb.com/kb/en/columnstore-information-schema-tables/,TBC,1,1.1.2.9.1.1.3,
https://mariadb.com/kb/en/all-plugins-table-information-schema/,TBC,1,,
https://mariadb.com/kb/en/information-schema-applicable_roles-table/,TBC,1,,
https://mariadb.com/kb/en/information-schema-character_sets-table/,TBC,1,,
https://mariadb.com/kb/en/information-schema-check_constraints-table/,TBC,1,,
https://mariadb.com/kb/en/information-schema-client_statistics-table/,TBC,1,,
https://mariadb.com/kb/en/information-schema-collation_character_set_applicability-table/,TBC,1,,
https://mariadb.com/kb/en/information-schema-collations-table/,TBC,1,,
https://mariadb.com/kb/en/information-schema-column_privileges-table/,TBC,1,,
https://mariadb.com/kb/en/information-schema-columns-table/,TBC,1,,
https://mariadb.com/kb/en/information-schema-disks-table/,TBC,1,,
https://mariadb.com/kb/en/information-schema-enabled_roles-table/,TBC,1,,
https://mariadb.com/kb/en/information-schema-engines-table/,TBC,1,,
https://mariadb.com/kb/en/information-schema-events-table/,TBC,1,,
https://mariadb.com/kb/en/information-schema-feedback-table/,TBC,1,,
https://mariadb.com/kb/en/information-schema-files-table/,TBC,1,,
https://mariadb.com/kb/en/information-schema-geometry_columns-table/,TBC,1,,
https://mariadb.com/kb/en/information-schema-global_status-and-session_status-tables/,TBC,1,,
https://mariadb.com/kb/en/information-schema-global_variables-and-session_variables-tables/,TBC,1,,
https://mariadb.com/kb/en/information-schema-index_statistics-table/,TBC,1,,
https://mariadb.com/kb/en/information-schema-key_caches-table/,TBC,1,,
https://mariadb.com/kb/en/information-schema-key_column_usage-table/,TBC,1,,
https://mariadb.com/kb/en/information-schema-keywords-table/,TBC,1,,
https://mariadb.com/kb/en/information-schema-locales-table/,TBC,1,,
https://mariadb.com/kb/en/information-schema-metadata_lock_info-table/,TBC,1,,
https://mariadb.com/kb/en/information-schema-mroonga_stats-table/,TBC,1,,
https://mariadb.com/kb/en/information-schema-optimizer_trace-table/,TBC,1,,
https://mariadb.com/kb/en/information-schema-parameters-table/,TBC,1,,
https://mariadb.com/kb/en/information-schema-partitions-table/,TBC,1,,
https://mariadb.com/kb/en/plugins-table-information-schema/,TBC,1,,
https://mariadb.com/kb/en/information-schema-processlist-table/,TBC,1,,
https://mariadb.com/kb/en/information-schema-profiling-table/,TBC,1,,
https://mariadb.com/kb/en/information-schema-query_cache_info-table/,TBC,1,,
https://mariadb.com/kb/en/information-schema-query_response_time-table/,TBC,1,,
https://mariadb.com/kb/en/information-schema-referential_constraints-table/,TBC,1,,
https://mariadb.com/kb/en/information-schema-routines-table/,TBC,1,,
https://mariadb.com/kb/en/information-schema-schema_privileges-table/,TBC,1,,
https://mariadb.com/kb/en/information-schema-schemata-table/,TBC,1,,
https://mariadb.com/kb/en/information-schema-spatial_ref_sys-table/,TBC,1,,
https://mariadb.com/kb/en/information-schema-spider_alloc_mem-table/,TBC,1,,
https://mariadb.com/kb/en/information-schema-spider_wrapper_protocols-table/,TBC,1,,
https://mariadb.com/kb/en/information-schema-sql_functions-table/,TBC,1,,
https://mariadb.com/kb/en/information-schema-statistics-table/,TBC,1,,
https://mariadb.com/kb/en/information-schema-system_variables-table/,TBC,1,,
https://mariadb.com/kb/en/information-schema-table_constraints-table/,TBC,1,,
https://mariadb.com/kb/en/information-schema-table_privileges-table/,TBC,1,,
https://mariadb.com/kb/en/information-schema-table_statistics-table/,TBC,1,,
https://mariadb.com/kb/en/information-schema-tables-table/,TBC,1,,
https://mariadb.com/kb/en/information-schema-tablespaces-table/,TBC,1,,
https://mariadb.com/kb/en/information-schema-thread_pool_groups-table/,TBC,1,,
https://mariadb.com/kb/en/information-schema-thread_pool_stats-table/,TBC,1,,
https://mariadb.com/kb/en/information-schema-thread_pool_waits-table/,TBC,1,,
https://mariadb.com/kb/en/information-schema-triggers-table/,TBC,1,,
https://mariadb.com/kb/en/information-schema-user_privileges-table/,TBC,1,,
https://mariadb.com/kb/en/information-schema-user_statistics-table/,TBC,1,,
https://mariadb.com/kb/en/information-schema-user_variables-table/,TBC,1,,
https://mariadb.com/kb/en/information-schema-views-table/,TBC,1,,
https://mariadb.com/kb/en/information-schema-wsrep_membership-table/,TBC,1,,
https://mariadb.com/kb/en/information-schema-wsrep_status-table/,TBC,1,,
,,,,
,,,,
,,,,
,,,,
,,,,
,,,,
,,,,
,,,,
,,,,
,,,,
,,,,
,,,,
,,,,
,,,,
,,,,
,,,,
,,,,
,,,,
,,,,
,,,,
,,,,
,,,,
,,,,
,,,,
,,,,
,,,,
,,,,
,,,,
,,,,
,,,,
,,,,
,,,,
,,,,
,,,,
,,,,
,,,,
,,,,
https://mariadb.com/kb/en/library/polygon-properties-area/,2,1,,
https://mariadb.com/kb/en/library/centroid/,2,1,,
https://mariadb.com/kb/en/library/polygon-properties-exteriorring/,2,1,,
https://mariadb.com/kb/en/library/polygon-properties-interiorringn/,2,1,,
https://mariadb.com/kb/en/library/polygon-properties-numinteriorrings/,2,1,,
https://mariadb.com/kb/en/library/st_area/,2,1,,
https://mariadb.com/kb/en/library/st_centroid/,2,1,,
https://mariadb.com/kb/en/library/st_exteriorring/,2,1,,
https://mariadb.com/kb/en/library/st_interiorringn/,2,1,,
https://mariadb.com/kb/en/library/st_numinteriorrings/,2,1,,
https://mariadb.com/kb/en/library/wkt-definition/,3,1,,
https://mariadb.com/kb/en/library/wkt-astext/,3,1,,
https://mariadb.com/kb/en/library/wkt-aswkt/,3,1,,
https://mariadb.com/kb/en/library/wkt-geomcollfromtext/,3,1,,
https://mariadb.com/kb/en/library/geometrycollectionfromtext/,3,1,,
https://mariadb.com/kb/en/library/geometryfromtext/,3,1,,
https://mariadb.com/kb/en/library/wkt-geomfromtext/,3,1,,
https://mariadb.com/kb/en/library/wkt-linefromtext/,3,1,,
https://mariadb.com/kb/en/library/linestringfromtext/,3,1,,
https://mariadb.com/kb/en/library/mlinefromtext/,3,1,,
https://mariadb.com/kb/en/library/mpointfromtext/,3,1,,
https://mariadb.com/kb/en/library/mpolyfromtext/,3,1,,
https://mariadb.com/kb/en/library/multilinestringfromtext/,3,1,,
https://mariadb.com/kb/en/library/multipointfromtext/,3,1,,
https://mariadb.com/kb/en/library/multipolygonfromtext/,3,1,,
https://mariadb.com/kb/en/library/wkt-pointfromtext/,3,1,,
https://mariadb.com/kb/en/library/wkt-polyfromtext/,3,1,,
https://mariadb.com/kb/en/library/polygonfromtext/,3,1,,
https://mariadb.com/kb/en/library/st_astext/,3,1,,
https://mariadb.com/kb/en/library/st_aswkt/,3,1,,
https://mariadb.com/kb/en/library/st_geomcollfromtext/,3,1,,
https://mariadb.com/kb/en/library/st_geometrycollectionfromtext/,3,1,,
https://mariadb.com/kb/en/library/st_geometryfromtext/,3,1,,
https://mariadb.com/kb/en/library/st_geomfromtext/,3,1,,
https://mariadb.com/kb/en/library/st_linefromtext/,3,1,,
https://mariadb.com/kb/en/library/st_linestringfromtext/,3,1,,
https://mariadb.com/kb/en/library/st_pointfromtext/,3,1,,
https://mariadb.com/kb/en/library/st_polyfromtext/,3,1,,
https://mariadb.com/kb/en/library/st_polygonfromtext/,3,1,,
https://mariadb.com/kb/en/library/addition-operator/,4,1,,
https://mariadb.com/kb/en/library/subtraction-operator-/,4,1,,
https://mariadb.com/kb/en/library/division-operator/,4,1,,
https://mariadb.com/kb/en/library/multiplication-operator/,4,1,,
https://mariadb.com/kb/en/library/modulo-operator/,4,1,,
https://mariadb.com/kb/en/library/div/,4,1,,
https://mariadb.com/kb/en/library/abs/,4,1,,
https://mariadb.com/kb/en/library/acos/,4,1,,
https://mariadb.com/kb/en/library/asin/,4,1,,
https://mariadb.com/kb/en/library/atan/,4,1,,
https://mariadb.com/kb/en/library/atan2/,4,1,,
https://mariadb.com/kb/en/library/ceil/,4,1,,
https://mariadb.com/kb/en/library/ceiling/,4,1,,
https://mariadb.com/kb/en/library/conv/,4,1,,
https://mariadb.com/kb/en/library/cos/,4,1,,
https://mariadb.com/kb/en/library/cot/,4,1,,
https://mariadb.com/kb/en/library/crc32/,4,1,,
https://mariadb.com/kb/en/library/degrees/,4,1,,
https://mariadb.com/kb/en/library/exp/,4,1,,
https://mariadb.com/kb/en/library/floor/,4,1,,
https://mariadb.com/kb/en/library/ln/,4,1,,
https://mariadb.com/kb/en/library/log/,4,1,,
https://mariadb.com/kb/en/library/log10/,4,1,,
https://mariadb.com/kb/en/library/log2/,4,1,,
https://mariadb.com/kb/en/library/mod/,4,1,,
https://mariadb.com/kb/en/library/oct/,4,1,,
https://mariadb.com/kb/en/library/pi/,4,1,,
https://mariadb.com/kb/en/library/pow/,4,1,,
https://mariadb.com/kb/en/library/power/,4,1,,
https://mariadb.com/kb/en/library/radians/,4,1,,
https://mariadb.com/kb/en/library/rand/,4,1,,
https://mariadb.com/kb/en/library/round/,4,1,,
https://mariadb.com/kb/en/library/sign/,4,1,,
https://mariadb.com/kb/en/library/sin/,4,1,,
https://mariadb.com/kb/en/library/sqrt/,4,1,,
https://mariadb.com/kb/en/library/tan/,4,1,,
https://mariadb.com/kb/en/library/truncate/,4,1,,
https://mariadb.com/kb/en/library/plugin-overview/,5,1,,
,,,,
https://mariadb.com/kb/en/library/mbr-definition/,6,1,,
https://mariadb.com/kb/en/library/mbrcontains/,6,1,,
https://mariadb.com/kb/en/library/mbrequal/,6,1,,
,,,,
,,,,
,,,,
https://mariadb.com/kb/en/library/mbrwithin/,6,1,,
https://mariadb.com/kb/en/library/if-function/,7,1,,
https://mariadb.com/kb/en/library/mbrdisjoint/,6,1,,
https://mariadb.com/kb/en/library/mbrintersects/,6,1,,
https://mariadb.com/kb/en/library/mbroverlaps/,6,1,,
https://mariadb.com/kb/en/library/mbrtouches/,6,1,,
https://mariadb.com/kb/en/library/case-operator/,7,1,,
https://mariadb.com/kb/en/library/ifnull/,7,1,,
https://mariadb.com/kb/en/library/nullif/,7,1,,
,,,,
,,,,
https://mariadb.com/kb/en/library/commit/,8,1,,
https://mariadb.com/kb/en/library/deallocate-drop-prepared-statement/,8,1,,
https://mariadb.com/kb/en/library/execute-statement/,8,1,,
https://mariadb.com/kb/en/library/savepoint/,8,1,,
https://mariadb.com/kb/en/library/transactions-unlock-tables/,8,1,,
https://mariadb.com/kb/en/library/xa-transactions/,8,1,,
https://mariadb.com/kb/en/library/authentication-from-mariadb-104/,10,1,,
,,,,
,,,,
,,,,
https://mariadb.com/kb/en/library/st_x/,11,1,,
https://mariadb.com/kb/en/library/st_y/,11,1,,
https://mariadb.com/kb/en/library/execute-immediate/,8,1,,
https://mariadb.com/kb/en/library/metadata-locking/,8,1,,
https://mariadb.com/kb/en/library/point-properties-x/,11,1,,
https://mariadb.com/kb/en/library/point-properties-y/,11,1,,
https://mariadb.com/kb/en/library/aes_decrypt/,12,1,,
https://mariadb.com/kb/en/library/decode/,12,1,,
https://mariadb.com/kb/en/library/lock-tables/,8,1,,
https://mariadb.com/kb/en/library/purge-binary-logs/,8,1,,
https://mariadb.com/kb/en/library/md5/,12,1,,
https://mariadb.com/kb/en/library/password/,12,1,,
https://mariadb.com/kb/en/library/linestring-properties-endpoint/,13,1,,
https://mariadb.com/kb/en/library/glength/,13,1,,
https://mariadb.com/kb/en/library/rollback/,8,1,,
,,,,
https://mariadb.com/kb/en/library/linestring-properties-numpoints/,13,1,,
https://mariadb.com/kb/en/library/linestring-properties-pointn/,13,1,,
https://mariadb.com/kb/en/library/linestring-properties-startpoint/,13,1,,
https://mariadb.com/kb/en/library/st_endpoint/,13,1,,
https://mariadb.com/kb/en/library/st_numpoints/,13,1,,
https://mariadb.com/kb/en/library/st_pointn/,13,1,,
https://mariadb.com/kb/en/library/prepare-statement/,8,1,,
https://mariadb.com/kb/en/library/inet_aton/,14,1,,
https://mariadb.com/kb/en/library/inet_ntoa/,14,1,,
,,,,
https://mariadb.com/kb/en/library/is_free_lock/,14,1,,
,,,,
https://mariadb.com/kb/en/library/start-transaction/,8,1,,
https://mariadb.com/kb/en/library/is_ipv6/,14,1,,
,,,,
https://mariadb.com/kb/en/library/transaction-timeouts/,8,1,,
https://mariadb.com/kb/en/library/wait-and-nowait/,8,1,,
https://mariadb.com/kb/en/library/account-locking/,10,1,,
https://mariadb.com/kb/en/library/is_used_lock/,14,1,,
,,,,
https://mariadb.com/kb/en/library/user-password-expiry/,10,1,,
https://mariadb.com/kb/en/library/name_const/,14,1,,
https://mariadb.com/kb/en/library/sleep/,14,1,,
https://mariadb.com/kb/en/library/uuid_short/,14,1,,
https://mariadb.com/kb/en/library/not/,15,1,,
,,,,
,,,,
,,,,
https://mariadb.com/kb/en/library/and/,15,1,,
https://mariadb.com/kb/en/library/assignment-operator/,15,1,,
,,,,
,,,,
https://mariadb.com/kb/en/library/group_concat/,16,1,,
https://mariadb.com/kb/en/library/stddev_samp/,16,1,,
https://mariadb.com/kb/en/library/benchmark/,17,1,,
https://mariadb.com/kb/en/library/roles_overview/,10,1,,
https://mariadb.com/kb/en/library/binlog_gtid_pos/,17,1,,
https://mariadb.com/kb/en/library/collation/,17,1,,
,,,,
,,,,
https://mariadb.com/kb/en/library/aes_encrypt/,12,1,,
https://mariadb.com/kb/en/library/compress/,12,1,,
https://mariadb.com/kb/en/library/connection_id/,17,1,,
https://mariadb.com/kb/en/library/schema/,17,1,,
https://mariadb.com/kb/en/library/session_user/,17,1,,
https://mariadb.com/kb/en/library/system_user/,17,1,,
https://mariadb.com/kb/en/library/less-than/,18,1,,
https://mariadb.com/kb/en/library/less-than-or-equal/,18,1,,
https://mariadb.com/kb/en/library/between-and/,18,1,,
https://mariadb.com/kb/en/library/greatest/,18,1,,
https://mariadb.com/kb/en/library/des_decrypt/,12,1,,
https://mariadb.com/kb/en/library/des_encrypt/,12,1,,
https://mariadb.com/kb/en/library/encode/,12,1,,
https://mariadb.com/kb/en/library/encrypt/,12,1,,
https://mariadb.com/kb/en/library/interval/,18,1,,
https://mariadb.com/kb/en/library/is-not-null/,18,1,,
https://mariadb.com/kb/en/library/isnull/,18,1,,
https://mariadb.com/kb/en/library/operator-precedence/,19,1,,
https://mariadb.com/kb/en/library/bitwise_and/,19,1,,
https://mariadb.com/kb/en/library/old_password/,12,1,,
https://mariadb.com/kb/en/library/sha1/,12,1,,
https://mariadb.com/kb/en/library/sha2/,12,1,,
https://mariadb.com/kb/en/library/uncompress/,12,1,,
https://mariadb.com/kb/en/library/uncompressed_length/,12,1,,
https://mariadb.com/kb/en/library/shift-left/,19,1,,
https://mariadb.com/kb/en/library/shift-right/,19,1,,
https://mariadb.com/kb/en/library/bit_count/,19,1,,
https://mariadb.com/kb/en/library/bitwise-xor/,19,1,,
https://mariadb.com/kb/en/library/bitwise-or/,19,1,,
https://mariadb.com/kb/en/library/get_lock/,14,1,,
https://mariadb.com/kb/en/library/inet6_aton/,14,1,,
https://mariadb.com/kb/en/library/inet6_ntoa/,14,1,,
https://mariadb.com/kb/en/library/is_ipv4/,14,1,,
https://mariadb.com/kb/en/library/is_ipv4_compat/,14,1,,
https://mariadb.com/kb/en/library/is_ipv4_mapped/,14,1,,
https://mariadb.com/kb/en/library/bitwise-not/,19,1,,
https://mariadb.com/kb/en/library/true-false/,19,1,,
,,,,
https://mariadb.com/kb/en/library/blob-and-text-data-types/,22,1,,
https://mariadb.com/kb/en/library/master_gtid_wait/,14,1,,
https://mariadb.com/kb/en/library/master_pos_wait/,14,1,,
https://mariadb.com/kb/en/library/char-byte/,22,1,,
https://mariadb.com/kb/en/library/longblob/,22,1,,
https://mariadb.com/kb/en/library/mediumblob/,22,1,,
https://mariadb.com/kb/en/library/mediumtext/,22,1,,
https://mariadb.com/kb/en/library/release_lock/,14,1,,
https://mariadb.com/kb/en/library/uuid/,14,1,,
https://mariadb.com/kb/en/library/row/,22,1,,
https://mariadb.com/kb/en/library/set-data-type/,22,1,,
https://mariadb.com/kb/en/library/timestamp/,22,1,,
https://mariadb.com/kb/en/library/tinyblob/,22,1,,
https://mariadb.com/kb/en/library/tinytext/,22,1,,
https://mariadb.com/kb/en/library/values-value/,14,1,,
https://mariadb.com/kb/en/library/or/,15,1,,
https://mariadb.com/kb/en/library/xor/,15,1,,
https://mariadb.com/kb/en/library/assignment-operators-assignment-operator/,15,1,,
https://mariadb.com/kb/en/library/stored-aggregate-functions/,16,1,,
https://mariadb.com/kb/en/library/avg/,16,1,,
https://mariadb.com/kb/en/library/bit_and/,16,1,,
https://mariadb.com/kb/en/library/bit_or/,16,1,,
https://mariadb.com/kb/en/library/close/,23,1,,
https://mariadb.com/kb/en/library/declare-cursor/,23,1,,
https://mariadb.com/kb/en/library/fetch/,23,1,,
https://mariadb.com/kb/en/library/goto/,23,1,,
https://mariadb.com/kb/en/library/if/,23,1,,
https://mariadb.com/kb/en/library/bit_xor/,16,1,,
https://mariadb.com/kb/en/library/count/,16,1,,
https://mariadb.com/kb/en/library/max/,16,1,,
https://mariadb.com/kb/en/library/iterate/,23,1,,
https://mariadb.com/kb/en/library/loop/,23,1,,
https://mariadb.com/kb/en/library/min/,16,1,,
https://mariadb.com/kb/en/library/std/,16,1,,
https://mariadb.com/kb/en/library/stddev/,16,1,,
https://mariadb.com/kb/en/library/open/,23,1,,
https://mariadb.com/kb/en/library/return/,23,1,,
https://mariadb.com/kb/en/library/stddev_pop/,16,1,,
https://mariadb.com/kb/en/library/sum/,16,1,,
https://mariadb.com/kb/en/library/variance/,16,1,,
https://mariadb.com/kb/en/library/while/,23,1,,
https://mariadb.com/kb/en/library/var_pop/,16,1,,
https://mariadb.com/kb/en/library/var_samp/,16,1,,
https://mariadb.com/kb/en/library/charset/,17,1,,
https://mariadb.com/kb/en/library/buffer/,24,1,,
https://mariadb.com/kb/en/library/convexhull/,24,1,,
https://mariadb.com/kb/en/library/geometrycollection/,24,1,,
https://mariadb.com/kb/en/library/multilinestring/,24,1,,
https://mariadb.com/kb/en/library/multipoint/,24,1,,
https://mariadb.com/kb/en/library/coercibility/,17,1,,
https://mariadb.com/kb/en/library/current_role/,17,1,,
https://mariadb.com/kb/en/library/current_user/,17,1,,
https://mariadb.com/kb/en/library/database/,17,1,,
https://mariadb.com/kb/en/library/default/,17,1,,
https://mariadb.com/kb/en/library/point/,24,1,,
https://mariadb.com/kb/en/library/pointonsurface/,24,1,,
https://mariadb.com/kb/en/library/st_intersection/,24,1,,
https://mariadb.com/kb/en/library/st_pointonsurface/,24,1,,
https://mariadb.com/kb/en/library/binlog/,26,1,,
https://mariadb.com/kb/en/library/decode_histogram/,17,1,,
https://mariadb.com/kb/en/library/found_rows/,17,1,,
https://mariadb.com/kb/en/library/load-index/,26,1,,
https://mariadb.com/kb/en/library/last_insert_id/,17,1,,
https://mariadb.com/kb/en/library/procedure-analyse/,17,1,,
https://mariadb.com/kb/en/library/show-function-code/,26,1,,
https://mariadb.com/kb/en/library/do/,27,1,,
https://mariadb.com/kb/en/library/last_value/,17,1,,
https://mariadb.com/kb/en/library/row_count/,17,1,,
https://mariadb.com/kb/en/library/dual/,27,1,,
https://mariadb.com/kb/en/library/for-update/,27,1,,
https://mariadb.com/kb/en/library/user/,17,1,,
https://mariadb.com/kb/en/library/version/,17,1,,
https://mariadb.com/kb/en/library/not-equal/,18,1,,
https://mariadb.com/kb/en/library/null-safe-equal/,18,1,,
https://mariadb.com/kb/en/library/equal/,18,1,,
https://mariadb.com/kb/en/library/handler-commands/,27,1,,
https://mariadb.com/kb/en/library/lock-in-share-mode/,27,1,,
https://mariadb.com/kb/en/library/procedure/,27,1,,
https://mariadb.com/kb/en/library/greater-than/,18,1,,
https://mariadb.com/kb/en/library/greater-than-or-equal/,18,1,,
https://mariadb.com/kb/en/library/coalesce/,18,1,,
https://mariadb.com/kb/en/library/in/,18,1,,
https://mariadb.com/kb/en/library/contains/,30,1,,
https://mariadb.com/kb/en/library/disjoint/,30,1,,
https://mariadb.com/kb/en/library/equals/,30,1,,
https://mariadb.com/kb/en/library/intersects/,30,1,,
https://mariadb.com/kb/en/library/overlaps/,30,1,,
https://mariadb.com/kb/en/library/is/,18,1,,
https://mariadb.com/kb/en/library/is-not/,18,1,,
https://mariadb.com/kb/en/library/is-null/,18,1,,
https://mariadb.com/kb/en/library/least/,18,1,,
https://mariadb.com/kb/en/library/not-between/,18,1,,
https://mariadb.com/kb/en/library/not-in/,18,1,,
https://mariadb.com/kb/en/library/st_difference/,30,1,,
https://mariadb.com/kb/en/library/st_distance/,30,1,,
https://mariadb.com/kb/en/library/st_length/,30,1,,
https://mariadb.com/kb/en/library/parentheses/,19,1,,
,,,,
https://mariadb.com/kb/en/library/st-overlaps/,30,1,,
https://mariadb.com/kb/en/library/touches/,30,1,,
https://mariadb.com/kb/en/library/current_date/,31,1,,
,,,,
,,,,
https://mariadb.com/kb/en/library/current_time/,31,1,,
https://mariadb.com/kb/en/library/current_timestamp/,31,1,,
https://mariadb.com/kb/en/library/curtime/,31,1,,
https://mariadb.com/kb/en/library/date-function/,31,1,,
https://mariadb.com/kb/en/library/day/,31,1,,
,,,,
,,,,
https://mariadb.com/kb/en/library/dayofyear/,31,1,,
https://mariadb.com/kb/en/library/from_days/,31,1,,
https://mariadb.com/kb/en/library/localtime/,31,1,,
https://mariadb.com/kb/en/library/localtimestamp/,31,1,,
https://mariadb.com/kb/en/library/minute/,31,1,,
,,,,
https://mariadb.com/kb/en/library/create-function-udf/,21,1,,
https://mariadb.com/kb/en/library/month/,31,1,,
https://mariadb.com/kb/en/library/monthname/,31,1,,
https://mariadb.com/kb/en/library/quarter/,31,1,,
https://mariadb.com/kb/en/library/second/,31,1,,
https://mariadb.com/kb/en/library/drop-function-udf/,21,1,,
https://mariadb.com/kb/en/library/creating-user-defined-functions/,21,1,,
https://mariadb.com/kb/en/library/time-function/,31,1,,
https://mariadb.com/kb/en/library/time_format/,31,1,,
https://mariadb.com/kb/en/library/user-defined-functions-calling-sequences/,21,1,,
https://mariadb.com/kb/en/library/user-defined-functions-security/,21,1,,
https://mariadb.com/kb/en/library/time_to_sec/,31,1,,
https://mariadb.com/kb/en/library/utc_date/,31,1,,
https://mariadb.com/kb/en/library/utc_time/,31,1,,
https://mariadb.com/kb/en/library/mysqlfunc-table/,21,1,,
https://mariadb.com/kb/en/library/auto_increment/,22,1,,
https://mariadb.com/kb/en/library/wkb-asbinary/,32,1,,
https://mariadb.com/kb/en/library/aswkb/,32,1,,
https://mariadb.com/kb/en/library/mlinefromwkb/,32,1,,
https://mariadb.com/kb/en/library/bigint/,22,1,,
https://mariadb.com/kb/en/library/binary/,22,1,,
https://mariadb.com/kb/en/library/bit/,22,1,,
https://mariadb.com/kb/en/library/mpointfromwkb/,32,1,,
https://mariadb.com/kb/en/library/wkb-geomcollfromwkb/,32,1,,
https://mariadb.com/kb/en/library/geometrycollectionfromwkb/,32,1,,
https://mariadb.com/kb/en/library/geometryfromwkb/,32,1,,
https://mariadb.com/kb/en/library/wkb-geomfromwkb/,32,1,,
https://mariadb.com/kb/en/library/wkb-linefromwkb/,32,1,,
https://mariadb.com/kb/en/library/linestringfromwkb/,32,1,,
https://mariadb.com/kb/en/library/blob/,22,1,,
https://mariadb.com/kb/en/library/boolean/,22,1,,
https://mariadb.com/kb/en/library/char/,22,1,,
https://mariadb.com/kb/en/library/multilinestringfromwkb/,32,1,,
https://mariadb.com/kb/en/library/multipointfromwkb/,32,1,,
https://mariadb.com/kb/en/library/multipolygonfromwkb/,32,1,,
https://mariadb.com/kb/en/library/wkb-pointfromwkb/,32,1,,
https://mariadb.com/kb/en/library/wkb-polyfromwkb/,32,1,,
https://mariadb.com/kb/en/library/polygonfromwkb/,32,1,,
https://mariadb.com/kb/en/library/st_asbinary/,32,1,,
https://mariadb.com/kb/en/library/st_aswkb/,32,1,,
https://mariadb.com/kb/en/library/st_geometrycollectionfromwkb/,32,1,,
https://mariadb.com/kb/en/library/st_geometryfromwkb/,32,1,,
https://mariadb.com/kb/en/library/date/,22,1,,
https://mariadb.com/kb/en/library/datetime/,22,1,,
https://mariadb.com/kb/en/library/st_geomfromwkb/,32,1,,
https://mariadb.com/kb/en/library/st_linefromwkb/,32,1,,
https://mariadb.com/kb/en/library/decimal/,22,1,,
https://mariadb.com/kb/en/library/enum/,22,1,,
https://mariadb.com/kb/en/library/st_linestringfromwkb/,32,1,,
https://mariadb.com/kb/en/library/st_pointfromwkb/,32,1,,
https://mariadb.com/kb/en/library/st_polyfromwkb/,32,1,,
https://mariadb.com/kb/en/library/st_polygonfromwkb/,32,1,,
https://mariadb.com/kb/en/library/double/,22,1,,
https://mariadb.com/kb/en/library/float/,22,1,,
https://mariadb.com/kb/en/library/json-data-type/,22,1,,
https://mariadb.com/kb/en/library/geometry-properties-boundary/,36,1,,
https://mariadb.com/kb/en/library/dimension/,36,1,,
https://mariadb.com/kb/en/library/geometry-properties-envelope/,36,1,,
https://mariadb.com/kb/en/library/geometry-properties-geometryn/,36,1,,
https://mariadb.com/kb/en/library/geometry-properties-geometrytype/,36,1,,
https://mariadb.com/kb/en/library/isclosed/,36,1,,
https://mariadb.com/kb/en/library/geometry-properties-isempty/,36,1,,
https://mariadb.com/kb/en/library/isring/,36,1,,
https://mariadb.com/kb/en/library/geometry-properties-issimple/,36,1,,
https://mariadb.com/kb/en/library/geometry-properties-numgeometries/,36,1,,
https://mariadb.com/kb/en/library/geometry-properties-srid/,36,1,,
https://mariadb.com/kb/en/library/st_dimension/,36,1,,
https://mariadb.com/kb/en/library/geometry-types/,22,1,,
https://mariadb.com/kb/en/library/longtext/,22,1,,
https://mariadb.com/kb/en/library/mediumint/,22,1,,
https://mariadb.com/kb/en/library/st_geometryn/,36,1,,
https://mariadb.com/kb/en/library/numeric-data-type-overview/,22,1,,
https://mariadb.com/kb/en/library/smallint/,22,1,,
https://mariadb.com/kb/en/library/st_geometrytype/,36,1,,
https://mariadb.com/kb/en/library/st_isempty/,36,1,,
https://mariadb.com/kb/en/library/st_isring/,36,1,,
https://mariadb.com/kb/en/library/string-literals/,22,1,,
https://mariadb.com/kb/en/library/text/,22,1,,
https://mariadb.com/kb/en/library/st_issimple/,36,1,,
https://mariadb.com/kb/en/library/st_numgeometries/,36,1,,
https://mariadb.com/kb/en/library/st_relate/,36,1,,
https://mariadb.com/kb/en/library/st_srid/,36,1,,
https://mariadb.com/kb/en/library/time/,22,1,,
https://mariadb.com/kb/en/library/tinyint/,22,1,,
https://mariadb.com/kb/en/library/varbinary/,22,1,,
https://mariadb.com/kb/en/library/ascii/,37,1,,
https://mariadb.com/kb/en/library/bin/,37,1,,
https://mariadb.com/kb/en/library/bit_length/,37,1,,
https://mariadb.com/kb/en/library/varchar/,22,1,,
https://mariadb.com/kb/en/library/year-data-type/,22,1,,
https://mariadb.com/kb/en/library/character_length/,37,1,,
https://mariadb.com/kb/en/library/instr/,37,1,,
https://mariadb.com/kb/en/library/begin-end/,23,1,,
https://mariadb.com/kb/en/library/case-statement/,23,1,,
https://mariadb.com/kb/en/library/declare-condition/,23,1,,
https://mariadb.com/kb/en/library/lcase/,37,1,,
https://mariadb.com/kb/en/library/left/,37,1,,
https://mariadb.com/kb/en/library/lengthb/,37,1,,
https://mariadb.com/kb/en/library/mid/,37,1,,
https://mariadb.com/kb/en/library/not-like/,37,1,,
https://mariadb.com/kb/en/library/declare-handler/,23,1,,
https://mariadb.com/kb/en/library/declare-variable/,23,1,,
https://mariadb.com/kb/en/library/for/,23,1,,
https://mariadb.com/kb/en/library/labels/,23,1,,
https://mariadb.com/kb/en/library/leave/,23,1,,
https://mariadb.com/kb/en/library/not-regexp/,37,1,,
https://mariadb.com/kb/en/library/octet_length/,37,1,,
https://mariadb.com/kb/en/library/ord/,37,1,,
https://mariadb.com/kb/en/library/position/,37,1,,
https://mariadb.com/kb/en/library/quote/,37,1,,
https://mariadb.com/kb/en/library/repeat-loop/,23,1,,
https://mariadb.com/kb/en/library/resignal/,23,1,,
https://mariadb.com/kb/en/library/selectinto/,23,1,,
https://mariadb.com/kb/en/library/repeat-function/,37,1,,
https://mariadb.com/kb/en/library/replace-function/,37,1,,
https://mariadb.com/kb/en/library/reverse/,37,1,,
https://mariadb.com/kb/en/library/right/,37,1,,
https://mariadb.com/kb/en/library/signal/,23,1,,
https://mariadb.com/kb/en/library/linestring/,24,1,,
https://mariadb.com/kb/en/library/sounds-like/,37,1,,
https://mariadb.com/kb/en/library/space/,37,1,,
https://mariadb.com/kb/en/library/strcmp/,37,1,,
https://mariadb.com/kb/en/library/substr/,37,1,,
https://mariadb.com/kb/en/library/ucase/,37,1,,
https://mariadb.com/kb/en/library/upper/,37,1,,
https://mariadb.com/kb/en/library/multipolygon/,24,1,,
https://mariadb.com/kb/en/library/polygon/,24,1,,
https://mariadb.com/kb/en/library/st_buffer/,24,1,,
https://mariadb.com/kb/en/library/st_convexhull/,24,1,,
https://mariadb.com/kb/en/library/st_symdifference/,24,1,,
,,,,
,,,,
,,,,
,,,,
https://mariadb.com/kb/en/library/create-function/,39,1,,
https://mariadb.com/kb/en/library/create-procedure/,39,1,,
https://mariadb.com/kb/en/library/st_union/,24,1,,
https://mariadb.com/kb/en/library/cache-index/,26,1,,
,,,,
https://mariadb.com/kb/en/library/help-command/,26,1,,
,,,,
https://mariadb.com/kb/en/library/create-tablespace/,39,1,,
,,,,
https://mariadb.com/kb/en/library/data-manipulation-kill-connection-query/,26,1,,
https://mariadb.com/kb/en/library/reset/,26,1,,
,,,,
https://mariadb.com/kb/en/library/create-view/,39,1,,
https://mariadb.com/kb/en/library/drop-package/,39,1,,
https://mariadb.com/kb/en/library/drop-package-body/,39,1,,
,,,,
https://mariadb.com/kb/en/library/drop-tablespace/,39,1,,
https://mariadb.com/kb/en/library/lastval/,40,1,,
https://mariadb.com/kb/en/library/nextval/,40,1,,
https://mariadb.com/kb/en/json_array/,41,1,,
https://mariadb.com/kb/en/json_compact/,41,1,,
https://mariadb.com/kb/en/json_detailed/,41,1,,
,,,,
,,,,
,,,,
https://mariadb.com/kb/en/json_loose/,41,1,,
https://mariadb.com/kb/en/json_merge/,41,1,,
https://mariadb.com/kb/en/json_object/,41,1,,
,,,,
,,,,
,,,,
https://mariadb.com/kb/en/json_set/,41,1,,
https://mariadb.com/kb/en/cume_dist/,42,1,,
https://mariadb.com/kb/en/nth_value/,42,1,,
,,,,
https://mariadb.com/kb/en/spider_flush_table_mon_cache/,43,1,,
https://mariadb.com/kb/en/column_check/,44,1,,
https://mariadb.com/kb/en/column_delete/,44,1,,
https://mariadb.com/kb/en/column_exists/,44,1,,
https://mariadb.com/kb/en/column_list/,44,1,,
,,,,
,,,,
,,,,
,,,,
,,,,
,,,,
,,,,
,,,,
,,,,
,,,,
,,,,
,,,,
,,,,
,,,,
,,,,
,,,,
,,,,
,,,,
,,,,
,,,,
,,,,
,,,,
,,,,
,,,,
,,,,
,,,,
,,,,
,,,,
,,,,
,,,,
,,,,
,,,,
,,,,
,,,,
,,,,
https://mariadb.com/kb/en/library/call/,27,1,,
https://mariadb.com/kb/en/library/concurrent-inserts/,27,1,,
,,,,
https://mariadb.com/kb/en/library/except/,27,1,,
https://mariadb.com/kb/en/library/high_priority-and-low_priority/,27,1,,
,,,,
https://mariadb.com/kb/en/library/group-by/,27,1,,
https://mariadb.com/kb/en/library/insert-default-duplicate-values/,27,1,,
https://mariadb.com/kb/en/library/insert/,27,1,,
https://mariadb.com/kb/en/library/insert-ignore/,27,1,,
https://mariadb.com/kb/en/library/insert-delayed/,27,1,,
https://mariadb.com/kb/en/library/insert-select/,27,1,,
https://mariadb.com/kb/en/library/intersect/,27,1,,
https://mariadb.com/kb/en/library/insert-on-duplicate-key-update/,27,1,,
https://mariadb.com/kb/en/library/join-syntax/,27,1,,
https://mariadb.com/kb/en/library/load-xml/,27,1,,
https://mariadb.com/kb/en/library/limit/,27,1,,
https://mariadb.com/kb/en/library/non-recursive-common-table-expressions-overview/,27,1,,
https://mariadb.com/kb/en/library/load-data-infile/,27,1,,
https://mariadb.com/kb/en/library/order-by/,27,1,,
,,,,
https://mariadb.com/kb/en/library/recursive-common-table-expressions-overview/,27,1,,
https://mariadb.com/kb/en/library/select-into-dumpfile/,27,1,,
https://mariadb.com/kb/en/library/select/,27,1,,
https://mariadb.com/kb/en/library/select-into-outfile/,27,1,,
https://mariadb.com/kb/en/library/select-with-rollup/,27,1,,
https://mariadb.com/kb/en/library/union/,27,1,,
,,,,
https://mariadb.com/kb/en/library/with/,27,1,,
https://mariadb.com/kb/en/library/describe/,28,1,,
,,,,
,,,,
https://mariadb.com/kb/en/library/crosses/,30,1,,
https://mariadb.com/kb/en/library/st-contains/,30,1,,
https://mariadb.com/kb/en/library/st-crosses/,30,1,,
https://mariadb.com/kb/en/library/st_disjoint/,30,1,,
https://mariadb.com/kb/en/library/st-equals/,30,1,,
https://mariadb.com/kb/en/library/st-intersects/,30,1,,
https://mariadb.com/kb/en/library/st-touches/,30,1,,
https://mariadb.com/kb/en/library/st-within/,30,1,,
https://mariadb.com/kb/en/library/within/,30,1,,
https://mariadb.com/kb/en/library/adddate/,31,1,,
https://mariadb.com/kb/en/library/addtime/,31,1,,
https://mariadb.com/kb/en/library/convert_tz/,31,1,,
https://mariadb.com/kb/en/library/curdate/,31,1,,
https://mariadb.com/kb/en/library/datediff/,31,1,,
https://mariadb.com/kb/en/library/date_add/,31,1,,
https://mariadb.com/kb/en/library/date_format/,31,1,,
https://mariadb.com/kb/en/library/date_sub/,31,1,,
https://mariadb.com/kb/en/library/dayname/,31,1,,
https://mariadb.com/kb/en/library/dayofmonth/,31,1,,
https://mariadb.com/kb/en/library/dayofweek/,31,1,,
https://mariadb.com/kb/en/library/extract/,31,1,,
https://mariadb.com/kb/en/library/from_unixtime/,31,1,,
https://mariadb.com/kb/en/library/get_format/,31,1,,
https://mariadb.com/kb/en/library/hour/,31,1,,
https://mariadb.com/kb/en/library/last_day/,31,1,,
https://mariadb.com/kb/en/library/makedate/,31,1,,
https://mariadb.com/kb/en/library/maketime/,31,1,,
https://mariadb.com/kb/en/library/microsecond/,31,1,,
https://mariadb.com/kb/en/library/now/,31,1,,
https://mariadb.com/kb/en/library/period_add/,31,1,,
https://mariadb.com/kb/en/library/period_diff/,31,1,,
https://mariadb.com/kb/en/library/sec_to_time/,31,1,,
https://mariadb.com/kb/en/library/str_to_date/,31,1,,
https://mariadb.com/kb/en/library/subdate/,31,1,,
https://mariadb.com/kb/en/library/subtime/,31,1,,
https://mariadb.com/kb/en/library/sysdate/,31,1,,
https://mariadb.com/kb/en/library/timediff/,31,1,,
https://mariadb.com/kb/en/library/timestamp-function/,31,1,,
https://mariadb.com/kb/en/library/timestampadd/,31,1,,
https://mariadb.com/kb/en/library/timestampdiff/,31,1,,
https://mariadb.com/kb/en/library/to_days/,31,1,,
https://mariadb.com/kb/en/library/to_seconds/,31,1,,
https://mariadb.com/kb/en/library/unix_timestamp/,31,1,,
https://mariadb.com/kb/en/library/utc_timestamp/,31,1,,
https://mariadb.com/kb/en/library/week/,31,1,,
https://mariadb.com/kb/en/library/weekday/,31,1,,
https://mariadb.com/kb/en/library/weekofyear/,31,1,,
https://mariadb.com/kb/en/library/year/,31,1,,
https://mariadb.com/kb/en/library/yearweek/,31,1,,
https://mariadb.com/kb/en/library/well-known-binary-wkb-format/,32,1,,
https://mariadb.com/kb/en/library/mpolyfromwkb/,32,1,,
https://mariadb.com/kb/en/library/st_geomcollfromwkb/,32,1,,
https://mariadb.com/kb/en/library/st_boundary/,36,1,,
https://mariadb.com/kb/en/library/st_envelope/,36,1,,
https://mariadb.com/kb/en/library/st_isclosed/,36,1,,
https://mariadb.com/kb/en/library/binary-operator/,37,1,,
https://mariadb.com/kb/en/library/cast/,37,1,,
https://mariadb.com/kb/en/library/char-function/,37,1,,
https://mariadb.com/kb/en/library/char_length/,37,1,,
https://mariadb.com/kb/en/library/chr/,37,1,,
https://mariadb.com/kb/en/library/concat/,37,1,,
https://mariadb.com/kb/en/library/concat_ws/,37,1,,
https://mariadb.com/kb/en/library/convert/,37,1,,
https://mariadb.com/kb/en/library/elt/,37,1,,
https://mariadb.com/kb/en/library/export_set/,37,1,,
https://mariadb.com/kb/en/library/field/,37,1,,
https://mariadb.com/kb/en/library/extractvalue/,37,1,,
https://mariadb.com/kb/en/library/find_in_set/,37,1,,
https://mariadb.com/kb/en/library/format/,37,1,,
https://mariadb.com/kb/en/library/from_base64/,37,1,,
https://mariadb.com/kb/en/library/hex/,37,1,,
https://mariadb.com/kb/en/library/insert-function/,37,1,,
https://mariadb.com/kb/en/library/length/,37,1,,
https://mariadb.com/kb/en/library/load_file/,37,1,,
https://mariadb.com/kb/en/library/like/,37,1,,
https://mariadb.com/kb/en/library/locate/,37,1,,
https://mariadb.com/kb/en/library/lower/,37,1,,
https://mariadb.com/kb/en/library/lpad/,37,1,,
https://mariadb.com/kb/en/library/ltrim/,37,1,,
https://mariadb.com/kb/en/library/make_set/,37,1,,
https://mariadb.com/kb/en/library/match-against/,37,1,,
https://mariadb.com/kb/en/regexp_instr/,37,1,,
https://mariadb.com/kb/en/regexp_replace/,37,1,,
https://mariadb.com/kb/en/regexp_substr/,37,1,,
https://mariadb.com/kb/en/library/rpad/,37,1,,
https://mariadb.com/kb/en/library/rtrim/,37,1,,
https://mariadb.com/kb/en/library/soundex/,37,1,,
https://mariadb.com/kb/en/library/substring/,37,1,,
https://mariadb.com/kb/en/library/substring_index/,37,1,,
https://mariadb.com/kb/en/library/to_base64/,37,1,,
https://mariadb.com/kb/en/library/trim/,37,1,,
https://mariadb.com/kb/en/library/unhex/,37,1,,
https://mariadb.com/kb/en/library/updatexml/,37,1,,
https://mariadb.com/kb/en/library/weight_string/,37,1,,
,,,,
,,,,
,,,,
,,,,
,,,,
https://mariadb.com/kb/en/library/create-database/,39,1,,
https://mariadb.com/kb/en/library/constraint/,39,1,,
https://mariadb.com/kb/en/library/create-event/,39,1,,
https://mariadb.com/kb/en/library/create-index/,39,1,,
https://mariadb.com/kb/en/library/create-package/,39,1,,
https://mariadb.com/kb/en/library/create-package-body/,39,1,,
https://mariadb.com/kb/en/library/drop-database/,39,1,,
https://mariadb.com/kb/en/library/create-sequence/,39,1,,
https://mariadb.com/kb/en/library/drop-event/,39,1,,
https://mariadb.com/kb/en/library/drop-function/,39,1,,
https://mariadb.com/kb/en/library/create-server/,39,1,,
https://mariadb.com/kb/en/library/drop-index/,39,1,,
https://mariadb.com/kb/en/library/create-trigger/,39,1,,
https://mariadb.com/kb/en/library/drop-procedure/,39,1,,
https://mariadb.com/kb/en/library/drop-sequence/,39,1,,
https://mariadb.com/kb/en/library/drop-server/,39,1,,
https://mariadb.com/kb/en/library/drop-trigger/,39,1,,
https://mariadb.com/kb/en/library/drop-view/,39,1,,
,,,,
,,,,
https://mariadb.com/kb/en/library/merge/,39,1,,
https://mariadb.com/kb/en/library/next-value-for-sequence_name/,40,1,,
,,,,
https://mariadb.com/kb/en/library/previous-value-for-sequence_name/,40,1,,
https://mariadb.com/kb/en/library/sequence-overview/,40,1,,
https://mariadb.com/kb/en/library/setval/,40,1,,
https://mariadb.com/kb/en/json_array_append/,41,1,,
https://mariadb.com/kb/en/json_array_insert/,41,1,,
https://mariadb.com/kb/en/json_contains/,41,1,,
https://mariadb.com/kb/en/json_contains_path/,41,1,,
https://mariadb.com/kb/en/json_depth/,41,1,,
https://mariadb.com/kb/en/json_exists/,41,1,,
https://mariadb.com/kb/en/json_extract/,41,1,,
https://mariadb.com/kb/en/json_insert/,41,1,,
https://mariadb.com/kb/en/json_keys/,41,1,,
https://mariadb.com/kb/en/json_length/,41,1,,
https://mariadb.com/kb/en/json_query/,41,1,,
https://mariadb.com/kb/en/json_quote/,41,1,,
https://mariadb.com/kb/en/json_remove/,41,1,,
https://mariadb.com/kb/en/json_replace/,41,1,,
https://mariadb.com/kb/en/json_search/,41,1,,
https://mariadb.com/kb/en/json_type/,41,1,,
https://mariadb.com/kb/en/json_unquote/,41,1,,
https://mariadb.com/kb/en/json_valid/,41,1,,
https://mariadb.com/kb/en/json_value/,41,1,,
https://mariadb.com/kb/en/dense_rank/,42,1,,
https://mariadb.com/kb/en/first_value/,42,1,,
https://mariadb.com/kb/en/lag/,42,1,,
https://mariadb.com/kb/en/median/,42,1,,
https://mariadb.com/kb/en/ntile/,42,1,,
https://mariadb.com/kb/en/percent_rank/,42,1,,
https://mariadb.com/kb/en/percentile_disc/,42,1,,
https://mariadb.com/kb/en/percentile_cont/,42,1,,
https://mariadb.com/kb/en/rank/,42,1,,
https://mariadb.com/kb/en/row_number/,42,1,,
https://mariadb.com/kb/en/spider_bg_direct_sql/,43,1,,
https://mariadb.com/kb/en/spider_copy_tables/,43,1,,
https://mariadb.com/kb/en/spider_direct_sql/,43,1,,
https://mariadb.com/kb/en/column_add/,44,1,,
https://mariadb.com/kb/en/column_create/,44,1,,
https://mariadb.com/kb/en/column_get/,44,1,,
https://mariadb.com/kb/en/column_json/,44,1,,
