URL,HELP Cat,Include,Header,Depth,Notes
https://mariadb.com/kb/en/sql-statements-structure/,,2, SQL Statements and Structure,1,
https://mariadb.com/kb/en/sql-statements/,,2, SQL Statements,1.1,
https://mariadb.com/kb/en/account-management-sql-commands/,,2, Account Management SQL Commands ,1.1.1,
https://mariadb.com/kb/en/create-user/,10,1,,1.1.1.1,
https://mariadb.com/kb/en/alter-user/,10,1,,1.1.1.2,
https://mariadb.com/kb/en/drop-user/,10,1,,1.1.1.3,
https://mariadb.com/kb/en/grant/,10,1,,1.1.1.4,
https://mariadb.com/kb/en/rename-user/,10,1,,1.1.1.5,
https://mariadb.com/kb/en/revoke/,10,1,,1.1.1.6,
https://mariadb.com/kb/en/set-password/,10,1,,1.1.1.7,
https://mariadb.com/kb/en/create-role/,10,1,,1.1.1.8,
https://mariadb.com/kb/en/drop-role/,10,1,,1.1.1.9,
https://mariadb.com/kb/en/set-role/,10,1,,1.1.1.10,
https://mariadb.com/kb/en/set-default-role/,10,1,,1.1.1.11,
https://mariadb.com/kb/en/show-grants/,26,1,,1.1.1.12,
https://mariadb.com/kb/en/show-create-user/,26,1,,1.1.1.13,
https://mariadb.com/kb/en/administrative-sql-statements/,,2, Administrative SQL Statements ,1.1.2,
https://mariadb.com/kb/en/table-statements/,,2, Table Statements,1.1.2.1,
https://mariadb.com/kb/en/alter/,,2, ALTER,1.1.2.1.1,
https://mariadb.com/kb/en/alter-table/,39,1,,1.1.2.1.1.1,
https://mariadb.com/kb/en/alter-database/,39,1,,1.1.2.1.1.2,
https://mariadb.com/kb/en/alter-event/,39,1,,1.1.2.1.1.3,
https://mariadb.com/kb/en/alter-function/,39,1,,1.1.2.1.1.4,
https://mariadb.com/kb/en/alter-logfile-group/,39,1,,1.1.2.1.1.5,
https://mariadb.com/kb/en/alter-procedure/,39,1,,1.1.2.1.1.6,
https://mariadb.com/kb/en/alter-sequence/,TBC,1,,1.1.2.1.1.7,
https://mariadb.com/kb/en/alter-server/,39,1,,1.1.2.1.1.8,
https://mariadb.com/kb/en/alter-tablespace/,39,1,,1.1.2.1.1.9,
https://mariadb.com/kb/en/alter-user/,10,3, ALTER USER,1.1.2.1.1.10,Already above
https://mariadb.com/kb/en/alter-view/,39,1,,1.1.2.1.2,
https://mariadb.com/kb/en/analyze-table/,20,1,,1.1.2.1.3,
https://mariadb.com/kb/en/check-table/,20,1,,1.1.2.1.4,
https://mariadb.com/kb/en/check-view/,20,1,,1.1.2.1.5,
https://mariadb.com/kb/en/checksum-table/,20,1,,1.1.2.1.6,
https://mariadb.com/kb/en/create-table/,39,1,,1.1.2.1.7,
https://mariadb.com/kb/en/delete/,27,1,,1.1.2.1.8,
https://mariadb.com/kb/en/drop-table/,39,1,,1.1.2.1.9,
https://mariadb.com/kb/en/installing-system-tables-mysql_install_db/,TBC,1,,1.1.2.1.10,
https://mariadb.com/kb/en/mysqlcheck/,TBC,1,,1.1.2.1.11,
https://mariadb.com/kb/en/optimize-table/,20,1,,1.1.2.1.12,
https://mariadb.com/kb/en/rename-table/,39,1,,1.1.2.1.13,
https://mariadb.com/kb/en/repair-table/,20,1,,1.1.2.1.14,
https://mariadb.com/kb/en/repair-view/,20,1,,1.1.2.1.15,
https://mariadb.com/kb/en/replace/,27,1,,1.1.2.1.16,
https://mariadb.com/kb/en/show-columns/,26,1,,1.1.2.1.17,
https://mariadb.com/kb/en/show-create-table/,26,1,,1.1.2.1.18,
https://mariadb.com/kb/en/show-index/,26,1,,1.1.2.1.19,
https://mariadb.com/kb/en/truncate-table/,39,1,,1.1.2.1.20,
https://mariadb.com/kb/en/update/,27,1,,1.1.2.1.21,
https://mariadb.com/kb/en/backup-table-removed/,,0,,,
https://mariadb.com/kb/en/restore-table-removed/,,0,,,
https://mariadb.com/kb/en/ignore/,27,1,,1.1.2.1.22,
https://mariadb.com/kb/en/system-versioned-tables/,TBC,3,,,Use below rather
https://mariadb.com/kb/en/analyze-and-explain-statements/,,2, ANALYZE and EXPLAIN Statements,,
https://mariadb.com/kb/en/analyze-format-json/,28,1,,,
https://mariadb.com/kb/en/analyze-formatjson-examples/,28,1,,,
https://mariadb.com/kb/en/analyze-statement/,TBC,1,,,
https://mariadb.com/kb/en/explain/,28,1,,,
https://mariadb.com/kb/en/explain-analyze/,28,1,,,
https://mariadb.com/kb/en/explain-format-json/,TBC,1,,,
https://mariadb.com/kb/en/show-explain/,26,1,,,
https://mariadb.com/kb/en/using-buffer-update-algorithm/,TBC,1,,,
https://mariadb.com/kb/en/backup-commands/,,2, BACKUP Commands,,
https://mariadb.com/kb/en/backup-stage/,TBC,1,,,
https://mariadb.com/kb/en/backup-lock/,TBC,1,,,
https://mariadb.com/kb/en/mariabackup-and-backup-stage-commands/,TBC,1,,,
https://mariadb.com/kb/en/storage-snapshots-and-backup-stage-commands/,TBC,1,,,
https://mariadb.com/kb/en/flush-commands/,,2, FLUSH Commands,,
https://mariadb.com/kb/en/flush/,26,1,,,
https://mariadb.com/kb/en/flush-query-cache/,26,1,,,
https://mariadb.com/kb/en/flush-tables-for-export/,26,1,,,
https://mariadb.com/kb/en/replication-commands/,,2, Replication Commands,,
https://mariadb.com/kb/en/change-master-to/,8,1,,,
https://mariadb.com/kb/en/start-replica/,8,1,,,
https://mariadb.com/kb/en/stop-replica/,8,1,,,
https://mariadb.com/kb/en/reset-replica/,8,1,,,
https://mariadb.com/kb/en/set-global-sql_slave_skip_counter/,TBC,1,,,
https://mariadb.com/kb/en/show-relaylog-events/,26,1,,,
https://mariadb.com/kb/en/show-replica-status/,26,1,,,
https://mariadb.com/kb/en/show-binlog-status/,26,1,,,
https://mariadb.com/kb/en/show-replica-hosts/,26,1,,,
https://mariadb.com/kb/en/reset-master/,8,1,,,
https://mariadb.com/kb/en/plugin-sql-statements/,,2, Plugin SQL Statements,,
https://mariadb.com/kb/en/show-plugins/,26,1,,,
https://mariadb.com/kb/en/show-plugins-soname/,26,1,,,
https://mariadb.com/kb/en/install-plugin/,5,1,,,
https://mariadb.com/kb/en/uninstall-plugin/,5,1,,,
https://mariadb.com/kb/en/install-soname/,5,1,,,
https://mariadb.com/kb/en/uninstall-soname/,5,1,,,
https://mariadb.com/kb/en/mysql_plugin/,TBC,1,,,
https://mariadb.com/kb/en/set-commands/,,2, SET Commands,,
https://mariadb.com/kb/en/set/,26,1,,,
https://mariadb.com/kb/en/set-character-set/,TBC,1,,,
https://mariadb.com/kb/en/set-global-sql_slave_skip_counter/,TBC,1,,,
https://mariadb.com/kb/en/set-names/,TBC,1,,,
https://mariadb.com/kb/en/set-password/,TBC,1,,,
https://mariadb.com/kb/en/set-role/,TBC,1,,,
https://mariadb.com/kb/en/set-sql_log_bin/,TBC,1,,,
https://mariadb.com/kb/en/set-statement/,TBC,1,,,
https://mariadb.com/kb/en/set-transaction/,8,1,,,
https://mariadb.com/kb/en/set-variable/,TBC,1,,,
https://mariadb.com/kb/en/show/,,2, SHOW,,
https://mariadb.com/kb/en/about-show/,26,1,,,
https://mariadb.com/kb/en/extended-show/,TBC,1,,,
https://mariadb.com/kb/en/show-authors/,26,1,,,
https://mariadb.com/kb/en/show-binary-logs/,26,1,,,
https://mariadb.com/kb/en/show-binlog-events/,26,1,,,
https://mariadb.com/kb/en/show-character-set/,26,1,,,
https://mariadb.com/kb/en/show-client-statistics/,26,1,,,
https://mariadb.com/kb/en/show-columns/,26,3,,,Already above
https://mariadb.com/kb/en/show-contributors/,26,1,,,
https://mariadb.com/kb/en/show-create-database/,26,1,,,
https://mariadb.com/kb/en/show-create-event/,26,1,,,
https://mariadb.com/kb/en/show-create-function/,26,1,,,
https://mariadb.com/kb/en/show-create-package/,26,1,,,
https://mariadb.com/kb/en/show-create-package-body/,26,1,,,
https://mariadb.com/kb/en/show-create-procedure/,26,1,,,
https://mariadb.com/kb/en/show-create-sequence/,26,1,,,
https://mariadb.com/kb/en/show-create-table/,26,3,,,Already above
https://mariadb.com/kb/en/show-create-trigger/,26,1,,,
https://mariadb.com/kb/en/show-create-user/,,3,,,Already above
https://mariadb.com/kb/en/show-create-view/,26,1,,,
https://mariadb.com/kb/en/show-databases/,26,1,,,
https://mariadb.com/kb/en/show-engine/,26,1,,,
https://mariadb.com/kb/en/show-engine-innodb-status/,26,1,,,
https://mariadb.com/kb/en/show-engines/,26,1,,,
https://mariadb.com/kb/en/show-errors/,26,1,,,
https://mariadb.com/kb/en/show-events/,26,1,,,
https://mariadb.com/kb/en/show-function-status/,26,1,,,
https://mariadb.com/kb/en/show-grants/,,3,,,Already above
https://mariadb.com/kb/en/show-index/,,3,,,Already above
https://mariadb.com/kb/en/show-index-statistics/,TBC,1,,,
https://mariadb.com/kb/en/show-innodb-status-removed/,,0,,,
https://mariadb.com/kb/en/show-locales/,26,1,,,
https://mariadb.com/kb/en/show-binlog-status/,26,3,,,Already above
https://mariadb.com/kb/en/show-open-tables/,26,1,,,
https://mariadb.com/kb/en/show-package-body-status/,26,1,,,
https://mariadb.com/kb/en/show-package-status/,26,1,,,
https://mariadb.com/kb/en/show-plugins/,26,3,,,Already above
https://mariadb.com/kb/en/show-plugins-soname/,26,3,,,Already above
https://mariadb.com/kb/en/show-privileges/,26,1,,,
https://mariadb.com/kb/en/show-procedure-code/,26,1,,,
https://mariadb.com/kb/en/show-procedure-status/,26,1,,,
https://mariadb.com/kb/en/show-processlist/,26,1,,,
https://mariadb.com/kb/en/show-profiles/,26,1,,,
https://mariadb.com/kb/en/show-query_response_time/,26,1,,,
https://mariadb.com/kb/en/show-relaylog-events/,26,3,,,Already above
https://mariadb.com/kb/en/show-replica-hosts/,26,3,,,Already above
https://mariadb.com/kb/en/show-replica-status/,26,3,,,Already above
https://mariadb.com/kb/en/show-status/,26,1,,,
https://mariadb.com/kb/en/show-table-status/,26,1,,,
https://mariadb.com/kb/en/show-tables/,26,1,,,
https://mariadb.com/kb/en/show-table-statistics/,26,1,,,
https://mariadb.com/kb/en/show-triggers/,26,1,,,
https://mariadb.com/kb/en/show-user-statistics/,26,1,,,
https://mariadb.com/kb/en/show-variables/,26,1,,,
https://mariadb.com/kb/en/show-warnings/,26,1,,,
https://mariadb.com/kb/en/show-wsrep_membership/,26,1,,,
https://mariadb.com/kb/en/show-wsrep_status/,26,1,,,
https://mariadb.com/kb/en/system-tables/,,2, System Tables,,
https://mariadb.com/kb/en/information-schema/,,2, Information Schema,,
https://mariadb.com/kb/en/information-schema-tables/,,2, Information Schema Tables,,
https://mariadb.com/kb/en/information-schema-innodb-tables/,,2, Information Schema InnoDB Tables,,
https://mariadb.com/kb/en/information-schema-innodb_buffer_page-table/,TBC,1,,,
https://mariadb.com/kb/en/information-schema-innodb_buffer_page_lru-table/,TBC,1,,,
https://mariadb.com/kb/en/information-schema-innodb_buffer_pool_pages-table/,TBC,1,,,
https://mariadb.com/kb/en/information-schema-innodb_buffer_pool_pages_blob-table/,TBC,1,,,
https://mariadb.com/kb/en/information-schema-innodb_buffer_pool_pages_index-table/,TBC,1,,,
https://mariadb.com/kb/en/information-schema-innodb_buffer_pool_stats-table/,TBC,1,,,
https://mariadb.com/kb/en/information-schema-innodb_changed_pages-table/,TBC,1,,,
https://mariadb.com/kb/en/information-schema-innodb_cmp-and-innodb_cmp_reset-tables/,TBC,1,,,
https://mariadb.com/kb/en/information-schema-innodb_cmpmem-and-innodb_cmpmem_reset-tables/,TBC,1,,,
https://mariadb.com/kb/en/information-schema-innodb-tables-information-schema-innodb_cmp_per_index-an/,TBC,1,,,
https://mariadb.com/kb/en/information-schema-innodb_ft_being_deleted-table/,TBC,1,,,
https://mariadb.com/kb/en/information-schema-innodb_ft_config-table/,TBC,1,,,
https://mariadb.com/kb/en/information-schema-innodb_ft_default_stopword-table/,TBC,1,,,
https://mariadb.com/kb/en/information-schema-innodb_ft_deleted-table/,TBC,1,,,
https://mariadb.com/kb/en/information-schema-innodb_ft_index_cache-table/,TBC,1,,,
https://mariadb.com/kb/en/information-schema-innodb_ft_index_table-table/,TBC,1,,,
https://mariadb.com/kb/en/information-schema-innodb_lock_waits-table/,TBC,1,,,
https://mariadb.com/kb/en/information-schema-innodb_locks-table/,TBC,1,,,
https://mariadb.com/kb/en/information-schema-innodb_metrics-table/,TBC,1,,,
https://mariadb.com/kb/en/information-schema-innodb_mutexes-table/,TBC,1,,,
https://mariadb.com/kb/en/information-schema-innodb_sys_columns-table/,TBC,1,,,
https://mariadb.com/kb/en/information-schema-innodb_sys_datafiles-table/,TBC,1,,,
https://mariadb.com/kb/en/information-schema-innodb_sys_fields-table/,TBC,1,,,
https://mariadb.com/kb/en/information-schema-innodb_sys_foreign-table/,TBC,1,,,
https://mariadb.com/kb/en/information-schema-innodb_sys_foreign_cols-table/,TBC,1,,,
https://mariadb.com/kb/en/information-schema-innodb_sys_indexes-table/,TBC,1,,,
https://mariadb.com/kb/en/information-schema-innodb_sys_semaphore_waits-table/,TBC,1,,,
https://mariadb.com/kb/en/information-schema-innodb_sys_tables-table/,TBC,1,,,
https://mariadb.com/kb/en/information-schema-innodb_sys_tablespaces-table/,TBC,1,,,
https://mariadb.com/kb/en/information-schema-innodb_sys_tablestats-table/,TBC,1,,,
https://mariadb.com/kb/en/information-schema-innodb_sys_virtual-table/,TBC,1,,,
https://mariadb.com/kb/en/information-schema-innodb_tablespaces_encryption-table/,TBC,1,,,
https://mariadb.com/kb/en/information-schema-innodb_tablespaces_scrubbing-table/,TBC,1,,,
https://mariadb.com/kb/en/information-schema-innodb_trx-table/,TBC,1,,,
https://mariadb.com/kb/en/information-schema-temp_tables_info-table/,TBC,1,,,
https://mariadb.com/kb/en/information-schema-myrocks-tables/,,2, Information Schema MyRocks Tables,,
https://mariadb.com/kb/en/information-schema-rocksdb_cfstats-table/,TBC,1,,,
https://mariadb.com/kb/en/information-schema-rocksdb_cf_options-table/,TBC,1,,,
https://mariadb.com/kb/en/information-schema-rocksdb_compaction_stats-table/,TBC,1,,,
https://mariadb.com/kb/en/information-schema-rocksdb_dbstats-table/,TBC,1,,,
https://mariadb.com/kb/en/information-schema-rocksdb_ddl-table/,TBC,1,,,
https://mariadb.com/kb/en/information-schema-rocksdb_deadlock-table/,TBC,1,,,
https://mariadb.com/kb/en/information-schema-rocksdb_global_info-table/,TBC,1,,,
https://mariadb.com/kb/en/information-schema-rocksdb_index_file_map-table/,TBC,1,,,
https://mariadb.com/kb/en/information-schema-rocksdb_locks-table/,TBC,1,,,
https://mariadb.com/kb/en/information-schema-rocksdb_perf_context-table/,TBC,1,,,
https://mariadb.com/kb/en/information-schema-rocksdb_perf_context_global-table/,TBC,1,,,
https://mariadb.com/kb/en/information-schema-rocksdb_sst_props-table/,TBC,1,,,
https://mariadb.com/kb/en/information-schema-rocksdb_trx-table/,TBC,1,,,
https://mariadb.com/kb/en/information-schema-xtradb-tables/,,0,Information Schema XtraDB Tables,,
https://mariadb.com/kb/en/information-schema-changed_page_bitmaps-table/,TBC,0,,,
https://mariadb.com/kb/en/information-schema-innodb_buffer_pool_pages-table/,TBC,0,,,
https://mariadb.com/kb/en/information-schema-innodb_buffer_pool_pages_blob-table/,TBC,0,,,
https://mariadb.com/kb/en/information-schema-innodb_buffer_pool_pages_index-table/,TBC,0,,,
https://mariadb.com/kb/en/information-schema-innodb_undo_logs-table/,TBC,0,,,
https://mariadb.com/kb/en/information-schema-xtradb_internal_hash_tables-table/,TBC,0,,,
https://mariadb.com/kb/en/information-schema-xtradb_read_view-table/,TBC,0,,,
https://mariadb.com/kb/en/information-schema-xtradb_rseg-table/,TBC,0,,,
https://mariadb.com/kb/en/columnstore-information-schema-tables/,TBC,1,,,
https://mariadb.com/kb/en/all-plugins-table-information-schema/,TBC,1,,,
https://mariadb.com/kb/en/information-schema-applicable_roles-table/,TBC,1,,,
https://mariadb.com/kb/en/information-schema-character_sets-table/,TBC,1,,,
https://mariadb.com/kb/en/information-schema-check_constraints-table/,TBC,1,,,
https://mariadb.com/kb/en/information-schema-client_statistics-table/,TBC,1,,,
https://mariadb.com/kb/en/information-schema-collation_character_set_applicability-table/,TBC,1,,,
https://mariadb.com/kb/en/information-schema-collations-table/,TBC,1,,,
https://mariadb.com/kb/en/information-schema-column_privileges-table/,TBC,1,,,
https://mariadb.com/kb/en/information-schema-columns-table/,TBC,1,,,
https://mariadb.com/kb/en/information-schema-disks-table/,TBC,1,,,
https://mariadb.com/kb/en/information-schema-enabled_roles-table/,TBC,1,,,
https://mariadb.com/kb/en/information-schema-engines-table/,TBC,1,,,
https://mariadb.com/kb/en/information-schema-events-table/,TBC,1,,,
https://mariadb.com/kb/en/information-schema-feedback-table/,TBC,1,,,
https://mariadb.com/kb/en/information-schema-files-table/,TBC,1,,,
https://mariadb.com/kb/en/information-schema-geometry_columns-table/,TBC,1,,,
https://mariadb.com/kb/en/information-schema-global_status-and-session_status-tables/,TBC,1,,,
https://mariadb.com/kb/en/information-schema-global_variables-and-session_variables-tables/,TBC,1,,,
https://mariadb.com/kb/en/information-schema-index_statistics-table/,TBC,1,,,
https://mariadb.com/kb/en/information-schema-key_caches-table/,TBC,1,,,
https://mariadb.com/kb/en/information-schema-key_column_usage-table/,TBC,1,,,
https://mariadb.com/kb/en/information-schema-keywords-table/,TBC,1,,,
https://mariadb.com/kb/en/information-schema-locales-table/,TBC,1,,,
https://mariadb.com/kb/en/information-schema-metadata_lock_info-table/,TBC,1,,,
https://mariadb.com/kb/en/information-schema-mroonga_stats-table/,TBC,1,,,
https://mariadb.com/kb/en/information-schema-optimizer_trace-table/,TBC,1,,,
https://mariadb.com/kb/en/information-schema-parameters-table/,TBC,1,,,
https://mariadb.com/kb/en/information-schema-partitions-table/,TBC,1,,,
https://mariadb.com/kb/en/plugins-table-information-schema/,TBC,1,,,
https://mariadb.com/kb/en/information-schema-processlist-table/,TBC,1,,,
https://mariadb.com/kb/en/information-schema-profiling-table/,TBC,1,,,
https://mariadb.com/kb/en/information-schema-query_cache_info-table/,TBC,1,,,
https://mariadb.com/kb/en/information-schema-query_response_time-table/,TBC,1,,,
https://mariadb.com/kb/en/information-schema-referential_constraints-table/,TBC,1,,,
https://mariadb.com/kb/en/information-schema-routines-table/,TBC,1,,,
https://mariadb.com/kb/en/information-schema-schema_privileges-table/,TBC,1,,,
https://mariadb.com/kb/en/information-schema-schemata-table/,TBC,1,,,
https://mariadb.com/kb/en/information-schema-spatial_ref_sys-table/,TBC,1,,,
https://mariadb.com/kb/en/information-schema-spider_alloc_mem-table/,TBC,1,,,
https://mariadb.com/kb/en/information-schema-spider_wrapper_protocols-table/,TBC,1,,,
https://mariadb.com/kb/en/information-schema-sql_functions-table/,TBC,1,,,
https://mariadb.com/kb/en/information-schema-statistics-table/,TBC,1,,,
https://mariadb.com/kb/en/information-schema-system_variables-table/,TBC,1,,,
https://mariadb.com/kb/en/information-schema-table_constraints-table/,TBC,1,,,
https://mariadb.com/kb/en/information-schema-table_privileges-table/,TBC,1,,,
https://mariadb.com/kb/en/information-schema-table_statistics-table/,TBC,1,,,
https://mariadb.com/kb/en/information-schema-tables-table/,TBC,1,,,
https://mariadb.com/kb/en/information-schema-tablespaces-table/,TBC,1,,,
https://mariadb.com/kb/en/information-schema-thread_pool_groups-table/,TBC,1,,,
https://mariadb.com/kb/en/information-schema-thread_pool_stats-table/,TBC,1,,,
https://mariadb.com/kb/en/information-schema-thread_pool_waits-table/,TBC,1,,,
https://mariadb.com/kb/en/information-schema-triggers-table/,TBC,1,,,
https://mariadb.com/kb/en/information-schema-user_privileges-table/,TBC,1,,,
https://mariadb.com/kb/en/information-schema-user_statistics-table/,TBC,1,,,
https://mariadb.com/kb/en/information-schema-user_variables-table/,TBC,1,,,
https://mariadb.com/kb/en/information-schema-views-table/,TBC,1,,,
https://mariadb.com/kb/en/information-schema-wsrep_membership-table/,TBC,1,,,
https://mariadb.com/kb/en/information-schema-wsrep_status-table/,TBC,1,,,
https://mariadb.com/kb/en/extended-show/,,3,,,Already above
https://mariadb.com/kb/en/time_ms-column-in-information_schemaprocesslist/,TBC,1,,,
https://mariadb.com/kb/en/performance-schema/,,2, Performance Schema,,
https://mariadb.com/kb/en/performance-schema-tables/,,2, Performance Schema Tables,,
https://mariadb.com/kb/en/list-of-performance-schema-tables/,TBC,1,,,
https://mariadb.com/kb/en/performance-schema-accounts-table/,TBC,1,,,
https://mariadb.com/kb/en/performance-schema-cond_instances-table/,TBC,1,,,
https://mariadb.com/kb/en/performance-schema-events_stages_current-table/,TBC,1,,,
https://mariadb.com/kb/en/performance-schema-events_stages_history-table/,TBC,1,,,
https://mariadb.com/kb/en/performance-schema-events_stages_history_long-table/,TBC,1,,,
https://mariadb.com/kb/en/performance-schema-events_stages_summary_by_account_by_event_name-table/,TBC,1,,,
https://mariadb.com/kb/en/performance-schema-events_stages_summary_by_host_by_event_name-table/,TBC,1,,,
https://mariadb.com/kb/en/performance-schema-events_stages_summary_by_thread_by_event_name-table/,TBC,1,,,
https://mariadb.com/kb/en/performance-schema-events_stages_summary_by_user_by_event_name-table/,TBC,1,,,
https://mariadb.com/kb/en/performance-schema-events_stages_summary_global_by_event_name-table/,TBC,1,,,
https://mariadb.com/kb/en/performance-schema-events_statements_history-table/,TBC,1,,,
https://mariadb.com/kb/en/performance-schema-events_statements_history_long-table/,TBC,1,,,
https://mariadb.com/kb/en/performance-schema-events_statements_summary_by_account_by_event_name-table/,TBC,1,,,
https://mariadb.com/kb/en/performance-schema-events_statements_summary_by_digest-table/,TBC,1,,,
https://mariadb.com/kb/en/performance-schema-events_statements_summary_by_host_by_event_name-table/,TBC,1,,,
https://mariadb.com/kb/en/performance-schema-events_statements_summary_by_program-table/,TBC,1,,,
https://mariadb.com/kb/en/performance-schema-events_statements_summary_by_thread_by_event_name-table/,TBC,1,,,
https://mariadb.com/kb/en/performance-schema-events_statements_summary_by_user_by_event_name-table/,TBC,1,,,
https://mariadb.com/kb/en/performance-schema-events_statements_summary_global_by_event_name-table/,TBC,1,,,
https://mariadb.com/kb/en/performance-schema-events_transactions_current-table/,TBC,1,,,
https://mariadb.com/kb/en/performance-schema-events_transactions_history-table/,TBC,1,,,
https://mariadb.com/kb/en/performance-schema-events_transactions_history_long-table/,TBC,1,,,
https://mariadb.com/kb/en/performance-schema-tables-performance-schema-events_transactions_summary_by/,TBC,1,,,
https://mariadb.com/kb/en/performance-schema-events_transactions_summary_by_host_by_event_name-table/,TBC,1,,,
https://mariadb.com/kb/en/performance-schema-events_transactions_summary_by_thread_by_event_name-tabl/,TBC,1,,,
https://mariadb.com/kb/en/performance-schema-events_transactions_summary_by_user_by_event_name-table/,TBC,1,,,
https://mariadb.com/kb/en/performance-schema-events_transactions_summary_global_by_event_name-table/,TBC,1,,,
https://mariadb.com/kb/en/performance-schema-events_waits_current-table/,TBC,1,,,
https://mariadb.com/kb/en/performance-schema-events_waits_history-table/,TBC,1,,,
https://mariadb.com/kb/en/performance-schema-events_waits_summary_by_account_by_event_name-table/,TBC,1,,,
https://mariadb.com/kb/en/performance-schema-events_waits_summary_by_host_by_event_name-table/,TBC,1,,,
https://mariadb.com/kb/en/performance-schema-events_waits_summary_by_instance-table/,TBC,1,,,
https://mariadb.com/kb/en/performance-schema-events_waits_summary_by_thread_by_event_name-table/,TBC,1,,,
https://mariadb.com/kb/en/performance-schema-events_waits_summary_by_user_by_event_name-table/,TBC,1,,,
https://mariadb.com/kb/en/performance-schema-events_waits_summary_global_by_event_name-table/,TBC,1,,,
https://mariadb.com/kb/en/performance-schema-file_instances-table/,TBC,1,,,
https://mariadb.com/kb/en/performance-schema-file_summary_by_event_name-table/,TBC,1,,,
https://mariadb.com/kb/en/performance-schema-file_summary_by_instance-table/,TBC,1,,,
https://mariadb.com/kb/en/performance-schema-global_status-table/,TBC,1,,,
https://mariadb.com/kb/en/performance-schema-hosts-table/,TBC,1,,,
https://mariadb.com/kb/en/performance-schema-memory_summary_by_account_by_event_name-table/,TBC,1,,,
https://mariadb.com/kb/en/performance-schema-memory_summary_by_host_by_event_name-table/,TBC,1,,,
https://mariadb.com/kb/en/performance-schema-memory_summary_by_thread_by_event_name-table/,TBC,1,,,
https://mariadb.com/kb/en/performance-schema-memory_summary_by_user_by_event_name-table/,TBC,1,,,
https://mariadb.com/kb/en/performance-schema-memory_summary_global_by_event_name-table/,TBC,1,,,
https://mariadb.com/kb/en/performance-schema-metadata_locks-table/,TBC,1,,,
https://mariadb.com/kb/en/performance-schema-mutex_instances-table/,TBC,1,,,
https://mariadb.com/kb/en/performance-schema-objects_summary_global_by_type-table/,TBC,1,,,
https://mariadb.com/kb/en/performance-schema-performance_timers-table/,TBC,1,,,
https://mariadb.com/kb/en/performance-schema-prepared_statements_instances-table/,TBC,1,,,
https://mariadb.com/kb/en/performance-schema-replication_applier_configuration-table/,TBC,1,,,
https://mariadb.com/kb/en/performance-schema-replication_applier_status-table/,TBC,1,,,
https://mariadb.com/kb/en/performance-schema-replication_applier_status_by_coordinator-table/,TBC,1,,,
https://mariadb.com/kb/en/performance-schema-replication_applier_status_by_worker-table/,TBC,1,,,
https://mariadb.com/kb/en/performance-schema-replication_connection_configuration-table/,TBC,1,,,
https://mariadb.com/kb/en/performance-schema-rwlock_instances-table/,TBC,1,,,
https://mariadb.com/kb/en/performance-schema-session_account_connect_attrs-table/,TBC,1,,,
https://mariadb.com/kb/en/performance-schema-session_connect_attrs-table/,TBC,1,,,
https://mariadb.com/kb/en/performance-schema-session_status-table/,TBC,1,,,
https://mariadb.com/kb/en/performance-schema-setup_actors-table/,TBC,1,,,
https://mariadb.com/kb/en/performance-schema-setup_consumers-table/,TBC,1,,,
https://mariadb.com/kb/en/performance-schema-setup_instruments-table/,TBC,1,,,
https://mariadb.com/kb/en/performance-schema-setup_objects-table/,TBC,1,,,
https://mariadb.com/kb/en/performance-schema-setup_timers-table/,TBC,1,,,
https://mariadb.com/kb/en/performance-schema-socket_instances-table/,TBC,1,,,
https://mariadb.com/kb/en/performance-schema-socket_summary_by_event_name-table/,TBC,1,,,
https://mariadb.com/kb/en/performance-schema-socket_summary_by_instance-table/,TBC,1,,,
https://mariadb.com/kb/en/performance-schema-status_by_thread-table/,TBC,1,,,
https://mariadb.com/kb/en/performance-schema-table_io_waits_summary_by_index_usage-table/,TBC,1,,,
https://mariadb.com/kb/en/performance-schema-table_io_waits_summary_by_table-table/,TBC,1,,,
https://mariadb.com/kb/en/performance-schema-table_lock_waits_summary_by_table-table/,TBC,1,,,
https://mariadb.com/kb/en/performance-schema-threads-table/,TBC,1,,,
https://mariadb.com/kb/en/performance-schema-users-table/,TBC,1,,,
https://mariadb.com/kb/en/performance-schema-overview/,TBC,1,,,
https://mariadb.com/kb/en/performance-schema-status-variables/,TBC,1,,,
https://mariadb.com/kb/en/performance-schema-system-variables/,TBC,1,,,
https://mariadb.com/kb/en/performance-schema-digests/,TBC,1,,,
https://mariadb.com/kb/en/performance_schema-storage-engine/,TBC,1,,,
https://mariadb.com/kb/en/the-mysql-database-tables/,,2, The mysql Database Tables,,
https://mariadb.com/kb/en/mysqlcolumn_stats-table/,TBC,1,,,
https://mariadb.com/kb/en/mysqlcolumns_priv-table/,TBC,1,,,
https://mariadb.com/kb/en/mysqldb-table/,TBC,1,,,
https://mariadb.com/kb/en/mysqlevent-table/,TBC,1,,,
https://mariadb.com/kb/en/mysqlfunc-table/,TBC,1,,,
https://mariadb.com/kb/en/mysqlgeneral_log-table/,TBC,1,,,
https://mariadb.com/kb/en/mysqlglobal_priv-table/,TBC,1,,,
https://mariadb.com/kb/en/mysqlgtid_slave_pos-table/,TBC,1,,,
https://mariadb.com/kb/en/mysqlhelp_category-table/,TBC,1,,,
https://mariadb.com/kb/en/mysqlhelp_keyword-table/,TBC,1,,,
https://mariadb.com/kb/en/mysqlhelp_relation-table/,TBC,1,,,
https://mariadb.com/kb/en/mysqlhelp_topic-table/,TBC,1,,,
https://mariadb.com/kb/en/mysqlindex_stats-table/,TBC,1,,,
https://mariadb.com/kb/en/mysqlinnodb_index_stats/,TBC,1,,,
https://mariadb.com/kb/en/mysqlinnodb_table_stats/,TBC,1,,,
https://mariadb.com/kb/en/mysqlpassword_reuse_check_history-table/,TBC,1,,,
https://mariadb.com/kb/en/mysqlplugin-table/,TBC,1,,,
https://mariadb.com/kb/en/mysqlproc-table/,TBC,1,,,
https://mariadb.com/kb/en/mysqlprocs_priv-table/,TBC,1,,,
https://mariadb.com/kb/en/mysqlroles_mapping-table/,TBC,1,,,
https://mariadb.com/kb/en/mysqlservers-table/,TBC,1,,,
https://mariadb.com/kb/en/mysqlslow_log-table/,TBC,1,,,
https://mariadb.com/kb/en/mysqltables_priv-table/,TBC,1,,,
https://mariadb.com/kb/en/mysqltable_stats-table/,TBC,1,,,
https://mariadb.com/kb/en/mysqltime_zone-table/,TBC,1,,,
https://mariadb.com/kb/en/mysqltime_zone_leap_second-table/,TBC,1,,,
https://mariadb.com/kb/en/mysqltime_zone_name-table/,TBC,1,,,
https://mariadb.com/kb/en/mysqltime_zone_transition-table/,TBC,1,,,
https://mariadb.com/kb/en/mysqltime_zone_transition_type-table/,TBC,1,,,
https://mariadb.com/kb/en/mysqltransaction_registry-table/,TBC,1,,,
https://mariadb.com/kb/en/mysqluser-table/,TBC,1,,,
https://mariadb.com/kb/en/obsolete-mysql-database-tables/,,0,,,
https://mariadb.com/kb/en/mysqlhost-table/,,0,,,
https://mariadb.com/kb/en/mysqlndb_binlog_index-table/,,0,,,
https://mariadb.com/kb/en/spider-mysql-database-tables/,,2, Spider mysql Database Tables,,
https://mariadb.com/kb/en/mysqlspider_link_failed_log-table/,TBC,1,,,
https://mariadb.com/kb/en/mysqlspider_link_mon_servers-table/,TBC,1,,,
https://mariadb.com/kb/en/mysqlspider_tables-table/,TBC,1,,,
https://mariadb.com/kb/en/mysqlspider_table_crd-table/,TBC,1,,,
https://mariadb.com/kb/en/mysqlspider_table_position_for_recovery-table/,TBC,1,,,
https://mariadb.com/kb/en/mysqlspider_table_sts-table/,TBC,1,,,
https://mariadb.com/kb/en/mysqlspider_xa-table/,TBC,1,,,
https://mariadb.com/kb/en/mysqlspider_xa_failed_log-table/,TBC,1,,,
https://mariadb.com/kb/en/mysqlspider_xa_member-table/,TBC,1,,,
https://mariadb.com/kb/en/sys-schema/,,2,,,
https://mariadb.com/kb/en/sys-schema-sys_config-table/,TBC,1,,,
https://mariadb.com/kb/en/mariadb_schema/,TBC,1,,,
https://mariadb.com/kb/en/writing-logs-into-tables/,TBC,1,,,
https://mariadb.com/kb/en/binlog/,26,1,,,
https://mariadb.com/kb/en/purge-binary-logs/,8,1,,,
https://mariadb.com/kb/en/cache-index/,26,1,,,
https://mariadb.com/kb/en/describe/,28,1,,,
https://mariadb.com/kb/en/execute-statement/,8,1,,,
https://mariadb.com/kb/en/help-command/,26,1,,,
https://mariadb.com/kb/en/kill/,26,1,,,
https://mariadb.com/kb/en/load-index/,26,1,,,
https://mariadb.com/kb/en/reset/,26,1,,,
https://mariadb.com/kb/en/shutdown/,TBC,1,,,
https://mariadb.com/kb/en/use/,TBC,1,,,
https://mariadb.com/kb/en/data-definition/,,2, Data Definition,,
https://mariadb.com/kb/en/create/,,2, CREATE,,
https://mariadb.com/kb/en/create-database/,39,1,,,
https://mariadb.com/kb/en/create-event/,39,1,,,
https://mariadb.com/kb/en/create-function/,39,1,,,
https://mariadb.com/kb/en/create-function-udf/,21,1,,,
https://mariadb.com/kb/en/create-index/,39,1,,,
https://mariadb.com/kb/en/create-logfile-group/,TBC,1,,,
https://mariadb.com/kb/en/create-package/,39,1,,,
https://mariadb.com/kb/en/create-package-body/,39,1,,,
https://mariadb.com/kb/en/create-procedure/,39,1,,,
https://mariadb.com/kb/en/create-role/,,3,,,Already above
https://mariadb.com/kb/en/create-sequence/,39,1,,,
https://mariadb.com/kb/en/create-server/,39,1,,,
https://mariadb.com/kb/en/create-table/,,3,,,Already above
https://mariadb.com/kb/en/create-tablespace/,39,1,,,
https://mariadb.com/kb/en/create-trigger/,39,1,,,
https://mariadb.com/kb/en/create-user/,,3,,,Already above
https://mariadb.com/kb/en/create-view/,39,1,,,
https://mariadb.com/kb/en/silent-column-changes/,TBC,1,,,
https://mariadb.com/kb/en/generated-columns/,TBC,1,,,
https://mariadb.com/kb/en/invisible-columns/,TBC,1,,,
https://mariadb.com/kb/en/alter/,,2, ALTER,,
https://mariadb.com/kb/en/alter-table/,,3,,,Already above
https://mariadb.com/kb/en/alter-database/,,3,,,Already above
https://mariadb.com/kb/en/alter-event/,,3,,,Already above
https://mariadb.com/kb/en/alter-function/,,3,,,Already above
https://mariadb.com/kb/en/alter-logfile-group/,,3,,,Already above
https://mariadb.com/kb/en/alter-procedure/,,3,,,Already above
https://mariadb.com/kb/en/alter-sequence/,,3,,,Already above
https://mariadb.com/kb/en/alter-server/,,3,,,Already above
https://mariadb.com/kb/en/alter-tablespace/,,3,,,Already above
https://mariadb.com/kb/en/alter-user/,,3,,,Already above
https://mariadb.com/kb/en/alter-view/,,3,,,Already above
https://mariadb.com/kb/en/drop/,,2, DROP,,
https://mariadb.com/kb/en/drop-database/,39,1,,,
https://mariadb.com/kb/en/drop-event/,39,1,,,
https://mariadb.com/kb/en/drop-function/,39,1,,,
https://mariadb.com/kb/en/drop-function-udf/,21,1,,,
https://mariadb.com/kb/en/drop-index/,39,1,,,
https://mariadb.com/kb/en/drop-logfile-group/,TBC,1,,,
https://mariadb.com/kb/en/drop-package/,39,1,,,
https://mariadb.com/kb/en/drop-package-body/,39,1,,,
https://mariadb.com/kb/en/drop-procedure/,39,1,,,
https://mariadb.com/kb/en/drop-role/,,3,,,Already above
https://mariadb.com/kb/en/drop-sequence/,39,1,,,
https://mariadb.com/kb/en/drop-server/,39,1,,,
https://mariadb.com/kb/en/drop-table/,,3,,,Already above
https://mariadb.com/kb/en/drop-tablespace/,39,1,,,
https://mariadb.com/kb/en/drop-trigger/,39,1,,,
https://mariadb.com/kb/en/drop-user/,,3,,,Already above
https://mariadb.com/kb/en/drop-view/,39,1,,,
https://mariadb.com/kb/en/atomic-ddl/,TBC,2,,,
https://mariadb.com/kb/en/constraint/,39,1,,,
https://mariadb.com/kb/en/merge/,39,1,,,
https://mariadb.com/kb/en/rename-table/,,3,,,Already above
https://mariadb.com/kb/en/truncate-table/,,3,,,Already above
https://mariadb.com/kb/en/sql-statements/,,2, Data Manipulation,,
https://mariadb.com/kb/en/selecting-data/,,2, Selecting Data,,
https://mariadb.com/kb/en/select/,27,1,,,
https://mariadb.com/kb/en/joins-subqueries/,,2, Joins and Subqueries,,
https://mariadb.com/kb/en/joins/,,2, Joins,,
https://mariadb.com/kb/en/joining-tables-with-join-clauses/,TBC,1,,,
https://mariadb.com/kb/en/more-advanced-joins/,TBC,1,,,
https://mariadb.com/kb/en/join-syntax/,27,1,,,
https://mariadb.com/kb/en/comma-vs-join/,TBC,1,,,
https://mariadb.com/kb/en/subqueries/,,2, Subqueries,,
https://mariadb.com/kb/en/subqueries/,TBC,1,,,
https://mariadb.com/kb/en/subqueries-scalar-subqueries/,TBC,1,,,
https://mariadb.com/kb/en/subqueries-row-subqueries/,TBC,1,,,
https://mariadb.com/kb/en/subqueries-and-all/,TBC,1,,,
https://mariadb.com/kb/en/subqueries-and-any/,TBC,1,,,
https://mariadb.com/kb/en/subqueries-and-exists/,TBC,1,,,
https://mariadb.com/kb/en/subqueries-in-a-from-clause/,TBC,1,,,
https://mariadb.com/kb/en/subquery-optimizations/,,2, Subquery Optimizations,,
https://mariadb.com/kb/en/subquery-optimizations-map/,TBC,1,,,
https://mariadb.com/kb/en/semi-join-subquery-optimizations/,TBC,1,,,
https://mariadb.com/kb/en/table-pullout-optimization/,TBC,1,,,
https://mariadb.com/kb/en/non-semi-join-subquery-optimizations/,TBC,1,,,
https://mariadb.com/kb/en/subquery-cache/,TBC,1,,,
https://mariadb.com/kb/en/condition-pushdown-into-in-subqueries/,TBC,1,,,
https://mariadb.com/kb/en/conversion-of-big-in-predicates-into-subqueries/,TBC,1,,,
https://mariadb.com/kb/en/exists-to-in-optimization/,TBC,1,,,
https://mariadb.com/kb/en/optimizing-group-by/,TBC,1,,,
https://mariadb.com/kb/en/subqueries-and-joins/,TBC,1,,,
https://mariadb.com/kb/en/subquery-limitations/,TBC,1,,,
https://mariadb.com/kb/en/union/,27,1,,,
https://mariadb.com/kb/en/except/,27,1,,,
https://mariadb.com/kb/en/intersect/,27,1,,,
https://mariadb.com/kb/en/precedence-control-in-table-operations/,TBC,1,,,
https://mariadb.com/kb/en/minus/,TBC,1,,,
https://mariadb.com/kb/en/limit/,27,1,,,
https://mariadb.com/kb/en/order-by/,27,1,,,
https://mariadb.com/kb/en/group-by/,27,1,,,
https://mariadb.com/kb/en/common-table-expressions/,,2, Common Table Expressions,,
https://mariadb.com/kb/en/with/,27,1,,,
https://mariadb.com/kb/en/non-recursive-common-table-expressions-overview/,27,1,,,
https://mariadb.com/kb/en/recursive-common-table-expressions-overview/,27,1,,,
https://mariadb.com/kb/en/select-with-rollup/,27,1,,,
https://mariadb.com/kb/en/select-into-outfile/,27,1,,,
https://mariadb.com/kb/en/select-into-dumpfile/,27,1,,,
https://mariadb.com/kb/en/for-update/,27,1,,,
https://mariadb.com/kb/en/lock-in-share-mode/,27,1,,,
https://mariadb.com/kb/en/optimizer-hints/,TBC,1,,,
https://mariadb.com/kb/en/procedure/,27,1,,,
https://mariadb.com/kb/en/handler/,,2, HANDLER,,
https://mariadb.com/kb/en/handler-commands/,27,1,,,
https://mariadb.com/kb/en/handler-for-memory-tables/,TBC,1,,,
https://mariadb.com/kb/en/dual/,27,1,,,
https://mariadb.com/kb/en/select-offset-fetch/,27,1,,,
https://mariadb.com/kb/en/inserting-loading-data/,,2, Inserting and Loading Data,,
https://mariadb.com/kb/en/insert/,27,1,,,
https://mariadb.com/kb/en/insert-delayed/,27,1,,,
https://mariadb.com/kb/en/insert-select/,27,1,,,
https://mariadb.com/kb/en/load-data-into-tables-or-index/,,2, LOAD Data into Tables or Index,,
https://mariadb.com/kb/en/load-data-infile/,27,1,,,
https://mariadb.com/kb/en/load-index/,,3,,,Already above
https://mariadb.com/kb/en/load-xml/,27,1,,,
https://mariadb.com/kb/en/load_file/,37,1,,,
https://mariadb.com/kb/en/concurrent-inserts/,27,1,,,
https://mariadb.com/kb/en/high_priority-and-low_priority/,27,1,,,
https://mariadb.com/kb/en/ignore/,,3,,,Already above
https://mariadb.com/kb/en/insert-default-duplicate-values/,27,1,,,
https://mariadb.com/kb/en/insert-ignore/,27,1,,,
https://mariadb.com/kb/en/insert-on-duplicate-key-update/,27,1,,,
https://mariadb.com/kb/en/insertreturning/,TBC,1,,,
https://mariadb.com/kb/en/changing-deleting-data/,,2, Changing and Deleting Data,,
https://mariadb.com/kb/en/delete/,,3,,,
https://mariadb.com/kb/en/high_priority-and-low_priority/,,3,,,
https://mariadb.com/kb/en/ignore/,,3,,,
https://mariadb.com/kb/en/replace/,,3,,,
https://mariadb.com/kb/en/replacereturning/,TBC,1,,,
https://mariadb.com/kb/en/truncate-table/,,3,,,
https://mariadb.com/kb/en/update/,,3,,,
https://mariadb.com/kb/en/prepared-statements/,,2, Prepared Statements,,
https://mariadb.com/kb/en/prepare-statement/,8,1,,,
https://mariadb.com/kb/en/out-parameters-in-prepare/,TBC,1,,,
https://mariadb.com/kb/en/execute-statement/,,3,,,
https://mariadb.com/kb/en/deallocate-drop-prepare/,8,1,,,
https://mariadb.com/kb/en/execute-immediate/,8,1,,,
https://mariadb.com/kb/en/programmatic-compound-statements/,,2, Programmatic and Compound Statements,,
https://mariadb.com/kb/en/using-compound-statements-outside-of-stored-programs/,TBC,1,,,
https://mariadb.com/kb/en/begin-end/,23,1,,,
https://mariadb.com/kb/en/case-statement/,23,1,,,
https://mariadb.com/kb/en/declare-condition/,23,1,,,
https://mariadb.com/kb/en/declare-handler/,23,1,,,
https://mariadb.com/kb/en/declare-variable/,23,1,,,
https://mariadb.com/kb/en/for/,23,1,,,
https://mariadb.com/kb/en/goto/,23,1,,,
https://mariadb.com/kb/en/if/,23,1,,,
https://mariadb.com/kb/en/iterate/,23,1,,,
https://mariadb.com/kb/en/labels/,23,1,,,
https://mariadb.com/kb/en/leave/,23,1,,,
https://mariadb.com/kb/en/loop/,23,1,,,
https://mariadb.com/kb/en/repeat-loop/,23,1,,,
https://mariadb.com/kb/en/resignal/,23,1,,,
https://mariadb.com/kb/en/return/,23,1,,,
https://mariadb.com/kb/en/selectinto/,23,1,,,
https://mariadb.com/kb/en/set-variable/,,3,,,
https://mariadb.com/kb/en/signal/,23,1,,,
https://mariadb.com/kb/en/while/,23,1,,,
https://mariadb.com/kb/en/stored-routine-statements/,,2, Stored Routine Statements,,
https://mariadb.com/kb/en/call/,27,1,,,
https://mariadb.com/kb/en/do/,27,1,,,
https://mariadb.com/kb/en/table-statements/,,3, Table Statements,,See category above
https://mariadb.com/kb/en/transactions/,,2, Transactions,,
https://mariadb.com/kb/en/start-transaction/,8,1,,,
https://mariadb.com/kb/en/commit/,8,1,,,
https://mariadb.com/kb/en/rollback/,8,1,,,
https://mariadb.com/kb/en/set-transaction/,,3, SET TRANSACTION,,
https://mariadb.com/kb/en/lock-tables/,8,1,,,
https://mariadb.com/kb/en/savepoint/,8,1,,,
https://mariadb.com/kb/en/metadata-locking/,8,1,,,
https://mariadb.com/kb/en/sql-statements-that-cause-an-implicit-commit/,TBC,1,,,
https://mariadb.com/kb/en/transaction-timeouts/,8,1,,,
https://mariadb.com/kb/en/transactions-unlock-tables/,8,1,,,
https://mariadb.com/kb/en/wait-and-nowait/,8,1,,,
https://mariadb.com/kb/en/xa-transactions/,8,1,,,
https://mariadb.com/kb/en/help-command/,,3, HELP Command,,
https://mariadb.com/kb/en/comment-syntax/,TBC,1,,,
https://mariadb.com/kb/en/built-in-functions/,,2, Built-in Functions,,
https://mariadb.com/kb/en/function-and-operator-reference/,TBC,1,,,
,,2, String Functions,,
,,2, Regular Expressions Functions,,
https://mariadb.com/kb/en/regular-expressions-overview/,TBC,1,,,
https://mariadb.com/kb/en/pcre/,TBC,1,,,
https://mariadb.com/kb/en/not-regexp/,37,1,,,
https://mariadb.com/kb/en/regexp/,TBC,1,,,
https://mariadb.com/kb/en/regexp_instr/,37,1,,,
https://mariadb.com/kb/en/regexp_replace/,37,1,,,
https://mariadb.com/kb/en/regexp_substr/,37,1,,,
https://mariadb.com/kb/en/rlike/,TBC,1,,,
,,2, Dynamic Columns Functions,,
https://mariadb.com/kb/en/column_add/,44,1,,,
https://mariadb.com/kb/en/column_check/,44,1,,,
https://mariadb.com/kb/en/column_create/,44,1,,,
https://mariadb.com/kb/en/column_delete/,44,1,,,
https://mariadb.com/kb/en/column_exists/,44,1,,,
https://mariadb.com/kb/en/column_get/,44,1,,,
https://mariadb.com/kb/en/column_json/,44,1,,,
https://mariadb.com/kb/en/ascii/,37,1,,,
https://mariadb.com/kb/en/bin/,37,1,,,
https://mariadb.com/kb/en/binary-operator/,37,1,,,
https://mariadb.com/kb/en/bit_length/,37,1,,,
https://mariadb.com/kb/en/cast/,37,1,,,
https://mariadb.com/kb/en/char-function/,37,1,,,
https://mariadb.com/kb/en/char_length/,37,1,,,
https://mariadb.com/kb/en/character_length/,TBC,1,,,
https://mariadb.com/kb/en/chr/,37,1,,,
https://mariadb.com/kb/en/concat/,37,1,,,
https://mariadb.com/kb/en/concat_ws/,37,1,,,
https://mariadb.com/kb/en/convert/,37,1,,,
https://mariadb.com/kb/en/elt/,37,1,,,
https://mariadb.com/kb/en/export_set/,37,1,,,
https://mariadb.com/kb/en/extractvalue/,37,1,,,
https://mariadb.com/kb/en/field/,37,1,,,
https://mariadb.com/kb/en/find_in_set/,37,1,,,
https://mariadb.com/kb/en/format/,37,1,,,
https://mariadb.com/kb/en/from_base64/,37,1,,,
https://mariadb.com/kb/en/hex/,37,1,,,
https://mariadb.com/kb/en/insert-function/,37,1,,,
https://mariadb.com/kb/en/length/,37,1,,,
https://mariadb.com/kb/en/lengthb/,37,1,,,
https://mariadb.com/kb/en/like/,37,1,,,
https://mariadb.com/kb/en/load_file/,,3,,,
https://mariadb.com/kb/en/locate/,37,1,,,
https://mariadb.com/kb/en/lower/,37,1,,,
https://mariadb.com/kb/en/lpad/,37,1,,,
https://mariadb.com/kb/en/ltrim/,37,1,,,
https://mariadb.com/kb/en/make_set/,37,1,,,
https://mariadb.com/kb/en/match-against/,37,1,,,
https://mariadb.com/kb/en/full-text-index-stopwords/,TBC,1,,,
https://mariadb.com/kb/en/mid/,37,1,,,
https://mariadb.com/kb/en/not-like/,37,1,,,
https://mariadb.com/kb/en/not-regexp/,,3,,,
https://mariadb.com/kb/en/octet_length/,37,1,,,
https://mariadb.com/kb/en/ord/,37,1,,,
https://mariadb.com/kb/en/position/,37,1,,,
https://mariadb.com/kb/en/quote/,37,1,,,
https://mariadb.com/kb/en/quote_identifier/,TBC,1,,,
https://mariadb.com/kb/en/repeat-function/,37,1,,,
https://mariadb.com/kb/en/replace-function/,37,1,,,
https://mariadb.com/kb/en/reverse/,37,1,,,
https://mariadb.com/kb/en/right/,37,1,,,
https://mariadb.com/kb/en/rpad/,37,1,,,
https://mariadb.com/kb/en/rtrim/,37,1,,,
https://mariadb.com/kb/en/sformat/,TBC,1,,,
https://mariadb.com/kb/en/soundex/,37,1,,,
https://mariadb.com/kb/en/sounds-like/,37,1,,,
https://mariadb.com/kb/en/space/,37,1,,,
https://mariadb.com/kb/en/strcmp/,37,1,,,
https://mariadb.com/kb/en/substr/,37,1,,,
https://mariadb.com/kb/en/substring/,37,1,,,
https://mariadb.com/kb/en/substring_index/,37,1,,,
https://mariadb.com/kb/en/to_base64/,37,1,,,
https://mariadb.com/kb/en/to_char/,TBC,1,,,
https://mariadb.com/kb/en/trim/,37,1,,,
https://mariadb.com/kb/en/trim_oracle/,TBC,1,,,
https://mariadb.com/kb/en/ucase/,37,1,,,
https://mariadb.com/kb/en/uncompress/,12,1,,,
https://mariadb.com/kb/en/uncompressed_length/,12,1,,,
https://mariadb.com/kb/en/unhex/,37,1,,,
https://mariadb.com/kb/en/updatexml/,37,1,,,
https://mariadb.com/kb/en/upper/,37,1,,,
https://mariadb.com/kb/en/weight_string/,37,1,,,
https://mariadb.com/kb/en/type-conversion/,TBC,1,,,
https://mariadb.com/kb/en/date-time-functions/,,2, Date and Time Functions,,
https://mariadb.com/kb/en/microseconds-in-mariadb/,TBC,1,,,
https://mariadb.com/kb/en/date-and-time-units/,TBC,1,,,
https://mariadb.com/kb/en/add_months/,TBC,1,,,
https://mariadb.com/kb/en/adddate/,31,1,,,
https://mariadb.com/kb/en/addtime/,31,1,,,
https://mariadb.com/kb/en/convert_tz/,31,1,,,
https://mariadb.com/kb/en/curdate/,31,1,,,
https://mariadb.com/kb/en/current_date/,31,1,,,
https://mariadb.com/kb/en/current_time/,31,1,,,
https://mariadb.com/kb/en/current_timestamp/,31,1,,,
https://mariadb.com/kb/en/curtime/,31,1,,,
https://mariadb.com/kb/en/date-function/,31,1,,,
https://mariadb.com/kb/en/datediff/,31,1,,,
https://mariadb.com/kb/en/date_add/,31,1,,,
https://mariadb.com/kb/en/date_format/,31,1,,,
https://mariadb.com/kb/en/date_sub/,31,1,,,
https://mariadb.com/kb/en/day/,31,1,,,
https://mariadb.com/kb/en/dayname/,31,1,,,
https://mariadb.com/kb/en/dayofmonth/,31,1,,,
https://mariadb.com/kb/en/dayofweek/,31,1,,,
https://mariadb.com/kb/en/dayofyear/,31,1,,,
https://mariadb.com/kb/en/extract/,31,1,,,
https://mariadb.com/kb/en/from_days/,31,1,,,
https://mariadb.com/kb/en/from_unixtime/,31,1,,,
https://mariadb.com/kb/en/get_format/,31,1,,,
https://mariadb.com/kb/en/hour/,31,1,,,
https://mariadb.com/kb/en/last_day/,31,1,,,
https://mariadb.com/kb/en/localtime/,31,1,,,
https://mariadb.com/kb/en/localtimestamp/,31,1,,,
https://mariadb.com/kb/en/makedate/,31,1,,,
https://mariadb.com/kb/en/maketime/,31,1,,,
https://mariadb.com/kb/en/microsecond/,31,1,,,
https://mariadb.com/kb/en/minute/,31,1,,,
https://mariadb.com/kb/en/month/,31,1,,,
https://mariadb.com/kb/en/monthname/,31,1,,,
https://mariadb.com/kb/en/now/,31,1,,,
https://mariadb.com/kb/en/period_add/,31,1,,,
https://mariadb.com/kb/en/period_diff/,31,1,,,
https://mariadb.com/kb/en/quarter/,31,1,,,
https://mariadb.com/kb/en/second/,31,1,,,
https://mariadb.com/kb/en/sec_to_time/,31,1,,,
https://mariadb.com/kb/en/str_to_date/,31,1,,,
https://mariadb.com/kb/en/subdate/,31,1,,,
https://mariadb.com/kb/en/subtime/,31,1,,,
https://mariadb.com/kb/en/sysdate/,31,1,,,
https://mariadb.com/kb/en/time-function/,31,1,,,
https://mariadb.com/kb/en/timediff/,31,1,,,
https://mariadb.com/kb/en/timestamp-function/,31,1,,,
https://mariadb.com/kb/en/timestampadd/,31,1,,,
https://mariadb.com/kb/en/timestampdiff/,31,1,,,
https://mariadb.com/kb/en/time_format/,31,1,,,
https://mariadb.com/kb/en/time_to_sec/,31,1,,,
https://mariadb.com/kb/en/to_days/,31,1,,,
https://mariadb.com/kb/en/to_seconds/,31,1,,,
https://mariadb.com/kb/en/unix_timestamp/,31,1,,,
https://mariadb.com/kb/en/utc_date/,31,1,,,
https://mariadb.com/kb/en/utc_time/,31,1,,,
https://mariadb.com/kb/en/utc_timestamp/,31,1,,,
https://mariadb.com/kb/en/week/,31,1,,,
https://mariadb.com/kb/en/weekday/,31,1,,,
https://mariadb.com/kb/en/weekofyear/,31,1,,,
https://mariadb.com/kb/en/year/,31,1,,,
https://mariadb.com/kb/en/yearweek/,31,1,,,
https://mariadb.com/kb/en/aggregate-functions/,,2, Aggregate Functions,,
https://mariadb.com/kb/en/stored-aggregate-functions/,16,1,,,
https://mariadb.com/kb/en/avg/,16,1,,,
https://mariadb.com/kb/en/bit_and/,16,1,,,
https://mariadb.com/kb/en/bit_or/,16,1,,,
https://mariadb.com/kb/en/library/bit_xor/,16,1,,,
https://mariadb.com/kb/en/count/,16,1,,,
https://mariadb.com/kb/en/count-distinct/,TBC,1,,,
https://mariadb.com/kb/en/group_concat/,16,1,,,
https://mariadb.com/kb/en/json_arrayagg/,TBC,1,,,
https://mariadb.com/kb/en/json_objectagg/,TBC,1,,,
https://mariadb.com/kb/en/max/,16,1,,,
https://mariadb.com/kb/en/min/,16,1,,,
https://mariadb.com/kb/en/std/,16,1,,,
https://mariadb.com/kb/en/stddev/,16,1,,,
https://mariadb.com/kb/en/stddev_pop/,16,1,,,
https://mariadb.com/kb/en/stddev_samp/,16,1,,,
https://mariadb.com/kb/en/sum/,16,1,,,
https://mariadb.com/kb/en/variance/,16,1,,,
https://mariadb.com/kb/en/var_pop/,16,1,,,
https://mariadb.com/kb/en/var_samp/,16,1,,,
https://mariadb.com/kb/en/numeric-functions/,,2, Numeric Functions,,
https://mariadb.com/kb/en/addition-operator/,4,1,,,
https://mariadb.com/kb/en/subtraction-operator-/,4,1,,,
https://mariadb.com/kb/en/division-operator/,4,1,,,
https://mariadb.com/kb/en/multiplication-operator/,4,1,,,
https://mariadb.com/kb/en/modulo-operator/,4,1,,,
https://mariadb.com/kb/en/div/,4,1,,,
https://mariadb.com/kb/en/abs/,4,1,,,
https://mariadb.com/kb/en/acos/,4,1,,,
https://mariadb.com/kb/en/asin/,4,1,,,
https://mariadb.com/kb/en/atan/,4,1,,,
https://mariadb.com/kb/en/atan2/,4,1,,,
https://mariadb.com/kb/en/ceil/,4,1,,,
https://mariadb.com/kb/en/ceiling/,4,1,,,
https://mariadb.com/kb/en/conv/,4,1,,,
https://mariadb.com/kb/en/cos/,4,1,,,
https://mariadb.com/kb/en/cot/,4,1,,,
https://mariadb.com/kb/en/crc32/,4,1,,,
https://mariadb.com/kb/en/crc32c/,TBC,1,,,
https://mariadb.com/kb/en/degrees/,4,1,,,
https://mariadb.com/kb/en/exp/,4,1,,,
https://mariadb.com/kb/en/floor/,4,1,,,
https://mariadb.com/kb/en/greatest/,18,1,,,
https://mariadb.com/kb/en/least/,18,1,,,
https://mariadb.com/kb/en/ln/,4,1,,,
https://mariadb.com/kb/en/log/,4,1,,,
https://mariadb.com/kb/en/log10/,4,1,,,
https://mariadb.com/kb/en/log2/,4,1,,,
https://mariadb.com/kb/en/mod/,4,1,,,
https://mariadb.com/kb/en/oct/,4,1,,,
https://mariadb.com/kb/en/pi/,4,1,,,
https://mariadb.com/kb/en/pow/,4,1,,,
https://mariadb.com/kb/en/power/,4,1,,,
https://mariadb.com/kb/en/radians/,4,1,,,
https://mariadb.com/kb/en/rand/,4,1,,,
https://mariadb.com/kb/en/round/,4,1,,,
https://mariadb.com/kb/en/sign/,4,1,,,
https://mariadb.com/kb/en/sin/,4,1,,,
https://mariadb.com/kb/en/sqrt/,4,1,,,
https://mariadb.com/kb/en/tan/,4,1,,,
https://mariadb.com/kb/en/truncate/,4,1,,,
https://mariadb.com/kb/en/control-flow-functions/,,2, Control Flow Functions,,
https://mariadb.com/kb/en/case-operator/,7,1,,,
https://mariadb.com/kb/en/decode/,12,1,,,
https://mariadb.com/kb/en/decode_oracle/,TBC,1,,,
https://mariadb.com/kb/en/if-function/,7,1,,,
https://mariadb.com/kb/en/ifnull/,7,1,,,
https://mariadb.com/kb/en/nullif/,7,1,,,
https://mariadb.com/kb/en/nvl/,TBC,1,,,
https://mariadb.com/kb/en/nvl2/,TBC,1,,,
https://mariadb.com/kb/en/pseudo-columns/,,2, Pseudo Columns,,
https://mariadb.com/kb/en/_rowid/,TBC,1,,,
https://mariadb.com/kb/en/secondary-functions/,,2, Secondary Functions,,
https://mariadb.com/kb/en/bit-functions-and-operators/,,2, Bit Functions and Operators,,
https://mariadb.com/kb/en/operator-precedence/,19,1,,,
https://mariadb.com/kb/en/bitwise_and/,19,1,,,
https://mariadb.com/kb/en/shift-left/,19,1,,,
https://mariadb.com/kb/en/shift-right/,19,1,,,
https://mariadb.com/kb/en/bit_count/,19,1,,,
https://mariadb.com/kb/en/bitwise-xor/,19,1,,,
https://mariadb.com/kb/en/bitwise-or/,19,1,,,
https://mariadb.com/kb/en/bitwise-not/,19,1,,,
https://mariadb.com/kb/en/parentheses/,19,1,,,
https://mariadb.com/kb/en/true-false/,19,1,,,
https://mariadb.com/kb/en/encryption-hashing-and-compression-functions/,,2,"  Encryption, Hashing and Compression Functions ",,
https://mariadb.com/kb/en/aes_decrypt/,12,1,,,
https://mariadb.com/kb/en/aes_encrypt/,12,1,,,
https://mariadb.com/kb/en/compress/,12,1,,,
https://mariadb.com/kb/en/decode/,,3, DECODE,,Already above
https://mariadb.com/kb/en/des_decrypt/,12,1,,,
https://mariadb.com/kb/en/des_encrypt/,12,1,,,
https://mariadb.com/kb/en/encode/,12,1,,,
https://mariadb.com/kb/en/encrypt/,12,1,,,
https://mariadb.com/kb/en/md5/,12,1,,,
https://mariadb.com/kb/en/password/,12,1,,,
https://mariadb.com/kb/en/password/,12,1,,,
https://mariadb.com/kb/en/sha1/,12,1,,,
https://mariadb.com/kb/en/sha2/,12,1,,,
https://mariadb.com/kb/en/uncompress/,,3, UNCOMPRESS,,
https://mariadb.com/kb/en/uncompressed_length/,,3, UNCOMPRESSED_LENGTH,,
https://mariadb.com/kb/en/information-functions/,,2, Information Functions ,,
https://mariadb.com/kb/en/benchmark/,17,1,,,
https://mariadb.com/kb/en/binlog_gtid_pos/,17,1,,,
https://mariadb.com/kb/en/charset/,17,1,,,
https://mariadb.com/kb/en/coercibility/,17,1,,,
https://mariadb.com/kb/en/collation/,17,1,,,
https://mariadb.com/kb/en/connection_id/,17,1,,,
https://mariadb.com/kb/en/current_role/,17,1,,,
https://mariadb.com/kb/en/current_user/,17,1,,,
https://mariadb.com/kb/en/database/,17,1,,,
https://mariadb.com/kb/en/decode_histogram/,17,1,,,
https://mariadb.com/kb/en/default/,17,1,,,
https://mariadb.com/kb/en/found_rows/,17,1,,,
https://mariadb.com/kb/en/last_insert_id/,17,1,,,
https://mariadb.com/kb/en/last_value/,17,1,,,
https://mariadb.com/kb/en/procedure-analyse/,17,1,,,
https://mariadb.com/kb/en/rownum/,TBC,1,,,
https://mariadb.com/kb/en/row_count/,17,1,,,
https://mariadb.com/kb/en/schema/,17,1,,,
https://mariadb.com/kb/en/session_user/,17,1,,,
https://mariadb.com/kb/en/system_user/,17,1,,,
https://mariadb.com/kb/en/user/,17,1,,,
https://mariadb.com/kb/en/version/,17,1,,,
https://mariadb.com/kb/en/miscellaneous-functions/,,2, Miscellaneous Functions ,,
https://mariadb.com/kb/en/get_lock/,14,1,,,
https://mariadb.com/kb/en/inet6_aton/,14,1,,,
https://mariadb.com/kb/en/inet6_ntoa/,14,1,,,
https://mariadb.com/kb/en/inet_aton/,14,1,,,
https://mariadb.com/kb/en/inet_ntoa/,14,1,,,
https://mariadb.com/kb/en/is_free_lock/,14,1,,,
https://mariadb.com/kb/en/is_ipv4/,14,1,,,
https://mariadb.com/kb/en/is_ipv4_compat/,14,1,,,
https://mariadb.com/kb/en/is_ipv4_mapped/,14,1,,,
https://mariadb.com/kb/en/is_ipv6/,14,1,,,
https://mariadb.com/kb/en/is_used_lock/,14,1,,,
https://mariadb.com/kb/en/master_gtid_wait/,14,1,,,
https://mariadb.com/kb/en/master_pos_wait/,14,1,,,
https://mariadb.com/kb/en/name_const/,14,1,,,
https://mariadb.com/kb/en/release_all_locks/,TBC,2,,,
https://mariadb.com/kb/en/release_lock/,14,1,,,
https://mariadb.com/kb/en/sleep/,14,1,,,
https://mariadb.com/kb/en/sys_guid/,TBC,1,,,
https://mariadb.com/kb/en/uuid/,14,1,,,
https://mariadb.com/kb/en/uuid_short/,14,1,,,
https://mariadb.com/kb/en/values-value/,14,1,,,
,,2, Special Functions,,
https://mariadb.com/kb/en/dynamic-columns-functions/,,3, Dynamic Columns Functions,,
https://mariadb.com/kb/en/galera-functions/,,2, Galera Functions,,
https://mariadb.com/kb/en/wsrep_last_seen_gtid/,TBC,1,,,
https://mariadb.com/kb/en/wsrep_last_written_gtid/,TBC,1,,,
https://mariadb.com/kb/en/wsrep_sync_wait_upto_gtid/,TBC,1,,,
https://mariadb.com/kb/en/geographic-functions/,,2, Geographic Functions,,
https://mariadb.com/kb/en/geometry-constructors/,,2, Geometry Constructors,,
https://mariadb.com/kb/en/buffer/,24,1,,,
https://mariadb.com/kb/en/convexhull/,24,1,,,
https://mariadb.com/kb/en/geometrycollection/,24,1,,,
https://mariadb.com/kb/en/linestring/,24,1,,,
https://mariadb.com/kb/en/multilinestring/,24,1,,,
https://mariadb.com/kb/en/multipoint/,24,1,,,
https://mariadb.com/kb/en/multipolygon/,24,1,,,
https://mariadb.com/kb/en/point/,24,1,,,
https://mariadb.com/kb/en/pointonsurface/,24,1,,,
https://mariadb.com/kb/en/polygon/,24,1,,,
https://mariadb.com/kb/en/st_buffer/,24,1,,,
https://mariadb.com/kb/en/st_convexhull/,24,1,,,
https://mariadb.com/kb/en/st_intersection/,24,1,,,
https://mariadb.com/kb/en/st_pointonsurface/,24,1,,,
https://mariadb.com/kb/en/st_symdifference/,24,1,,,
https://mariadb.com/kb/en/st_union/,24,1,,,
https://mariadb.com/kb/en/geometry-properties/,,2, Geometry Properties,,
https://mariadb.com/kb/en/geometry-properties-boundary/,36,1,,,
https://mariadb.com/kb/en/dimension/,36,1,,,
https://mariadb.com/kb/en/geometry-properties-envelope/,36,1,,,
https://mariadb.com/kb/en/geometry-properties-geometryn/,36,1,,,
https://mariadb.com/kb/en/geometry-properties-geometrytype/,36,1,,,
https://mariadb.com/kb/en/isclosed/,36,1,,,
https://mariadb.com/kb/en/geometry-properties-isempty/,36,1,,,
https://mariadb.com/kb/en/isring/,36,1,,,
https://mariadb.com/kb/en/geometry-properties-issimple/,36,1,,,
https://mariadb.com/kb/en/geometry-properties-numgeometries/,36,1,,,
https://mariadb.com/kb/en/geometry-properties-srid/,36,1,,,
https://mariadb.com/kb/en/st_boundary/,36,1,,,
https://mariadb.com/kb/en/st_dimension/,36,1,,,
https://mariadb.com/kb/en/st_envelope/,36,1,,,
https://mariadb.com/kb/en/st_geometryn/,36,1,,,
https://mariadb.com/kb/en/st_geometrytype/,36,1,,,
https://mariadb.com/kb/en/st_isclosed/,36,1,,,
https://mariadb.com/kb/en/st_isempty/,36,1,,,
https://mariadb.com/kb/en/st_isring/,36,1,,,
https://mariadb.com/kb/en/st_issimple/,36,1,,,
https://mariadb.com/kb/en/st_numgeometries/,36,1,,,
https://mariadb.com/kb/en/st_relate/,36,1,,,
https://mariadb.com/kb/en/st_srid/,36,1,,,
https://mariadb.com/kb/en/geometry-relations/,,2, Geometry Relations,,
https://mariadb.com/kb/en/contains/,30,1,,,
https://mariadb.com/kb/en/crosses/,30,1,,,
https://mariadb.com/kb/en/disjoint/,30,1,,,
https://mariadb.com/kb/en/equals/,30,1,,,
https://mariadb.com/kb/en/intersects/,30,1,,,
https://mariadb.com/kb/en/overlaps/,30,1,,,
https://mariadb.com/kb/en/st-contains/,30,1,,,
https://mariadb.com/kb/en/st-crosses/,30,1,,,
https://mariadb.com/kb/en/st_difference/,30,1,,,
https://mariadb.com/kb/en/st_disjoint/,30,1,,,
https://mariadb.com/kb/en/st_distance/,30,1,,,
https://mariadb.com/kb/en/st_distance_sphere/,TBC,1,,,
https://mariadb.com/kb/en/st-equals/,30,1,,,
https://mariadb.com/kb/en/st-intersects/,30,1,,,
https://mariadb.com/kb/en/st_length/,30,1,,,
https://mariadb.com/kb/en/st-overlaps/,30,1,,,
https://mariadb.com/kb/en/st-touches/,30,1,,,
https://mariadb.com/kb/en/st-within/,30,1,,,
https://mariadb.com/kb/en/touches/,30,1,,,
https://mariadb.com/kb/en/within/,30,1,,,
https://mariadb.com/kb/en/linestring-properties/,,2, LineString Properties,,
https://mariadb.com/kb/en/linestring-properties-endpoint/,13,1,,,
https://mariadb.com/kb/en/glength/,13,1,,,
https://mariadb.com/kb/en/linestring-properties-numpoints/,13,1,,,
https://mariadb.com/kb/en/linestring-properties-pointn/,13,1,,,
https://mariadb.com/kb/en/linestring-properties-startpoint/,13,1,,,
https://mariadb.com/kb/en/st_endpoint/,13,1,,,
https://mariadb.com/kb/en/st_numpoints/,13,1,,,
https://mariadb.com/kb/en/st_pointn/,13,1,,,
https://mariadb.com/kb/en/st_startpoint/,TBC,1,,,
https://mariadb.com/kb/en/mbr-minimum-bounding-rectangle/,,2, MBR (Minimum Bounding Rectangle),,
https://mariadb.com/kb/en/mbr-definition/,6,1,,,
https://mariadb.com/kb/en/mbrcontains/,6,1,,,
https://mariadb.com/kb/en/mbrdisjoint/,6,1,,,
https://mariadb.com/kb/en/mbrequal/,6,1,,,
https://mariadb.com/kb/en/mbrintersects/,6,1,,,
https://mariadb.com/kb/en/mbroverlaps/,6,1,,,
https://mariadb.com/kb/en/mbrtouches/,6,1,,,
https://mariadb.com/kb/en/mbrwithin/,6,1,,,
https://mariadb.com/kb/en/point-properties/,,2, Point Properties ,,
https://mariadb.com/kb/en/st_x/,11,1,,,
https://mariadb.com/kb/en/st_y/,11,1,,,
https://mariadb.com/kb/en/point-properties-x/,11,1,,,
https://mariadb.com/kb/en/point-properties-y/,11,1,,,
https://mariadb.com/kb/en/polygon-properties/,,2, Polygon Properties,,
https://mariadb.com/kb/en/polygon-properties-area/,2,1,,,
https://mariadb.com/kb/en/centroid/,2,1,,,
https://mariadb.com/kb/en/polygon-properties-exteriorring/,2,1,,,
https://mariadb.com/kb/en/polygon-properties-interiorringn/,2,1,,,
https://mariadb.com/kb/en/polygon-properties-numinteriorrings/,2,1,,,
https://mariadb.com/kb/en/st_area/,2,1,,,
https://mariadb.com/kb/en/st_centroid/,2,1,,,
https://mariadb.com/kb/en/st_exteriorring/,2,1,,,
https://mariadb.com/kb/en/st_interiorringn/,2,1,,,
https://mariadb.com/kb/en/st_numinteriorrings/,2,1,,,
https://mariadb.com/kb/en/wkb/,,2, WKB,,
https://mariadb.com/kb/en/well-known-binary-wkb-format/,32,1,,,
https://mariadb.com/kb/en/wkb-asbinary/,32,1,,,
https://mariadb.com/kb/en/aswkb/,32,1,,,
https://mariadb.com/kb/en/mlinefromwkb/,32,1,,,
https://mariadb.com/kb/en/mpointfromwkb/,32,1,,,
https://mariadb.com/kb/en/mpolyfromwkb/,32,1,,,
https://mariadb.com/kb/en/wkb-geomcollfromwkb/,32,1,,,
https://mariadb.com/kb/en/geometrycollectionfromwkb/,32,1,,,
https://mariadb.com/kb/en/geometryfromwkb/,32,1,,,
https://mariadb.com/kb/en/wkb-geomfromwkb/,32,1,,,
https://mariadb.com/kb/en/wkb-linefromwkb/,32,1,,,
https://mariadb.com/kb/en/linestringfromwkb/,32,1,,,
https://mariadb.com/kb/en/multilinestringfromwkb/,32,1,,,
https://mariadb.com/kb/en/multipointfromwkb/,32,1,,,
https://mariadb.com/kb/en/multipolygonfromwkb/,32,1,,,
https://mariadb.com/kb/en/wkb-pointfromwkb/,32,1,,,
https://mariadb.com/kb/en/wkb-polyfromwkb/,32,1,,,
https://mariadb.com/kb/en/polygonfromwkb/,32,1,,,
https://mariadb.com/kb/en/st_asbinary/,32,1,,,
https://mariadb.com/kb/en/st_aswkb/,TBC,1,,,
https://mariadb.com/kb/en/st_geomcollfromwkb/,32,1,,,
https://mariadb.com/kb/en/st_geometrycollectionfromwkb/,32,1,,,
https://mariadb.com/kb/en/st_geometryfromwkb/,32,1,,,
https://mariadb.com/kb/en/st_geomfromwkb/,32,1,,,
https://mariadb.com/kb/en/st_linefromwkb/,32,1,,,
https://mariadb.com/kb/en/st_linestringfromwkb/,32,1,,,
https://mariadb.com/kb/en/st_pointfromwkb/,32,1,,,
https://mariadb.com/kb/en/st_polyfromwkb/,32,1,,,
https://mariadb.com/kb/en/st_polyfromwkb/,32,1,,,
https://mariadb.com/kb/en/wkt/,,2, WKT,,
https://mariadb.com/kb/en/wkt-definition/,3,1,,,
https://mariadb.com/kb/en/wkt-astext/,3,1,,,
https://mariadb.com/kb/en/wkt-aswkt/,3,1,,,
https://mariadb.com/kb/en/wkt-geomcollfromtext/,3,1,,,
https://mariadb.com/kb/en/geometrycollectionfromtext/,3,1,,,
https://mariadb.com/kb/en/geometryfromtext/,3,1,,,
https://mariadb.com/kb/en/wkt-geomfromtext/,3,1,,,
https://mariadb.com/kb/en/wkt-linefromtext/,3,1,,,
https://mariadb.com/kb/en/linestringfromtext/,3,1,,,
https://mariadb.com/kb/en/mlinefromtext/,3,1,,,
https://mariadb.com/kb/en/mpointfromtext/,3,1,,,
https://mariadb.com/kb/en/mpolyfromtext/,3,1,,,
https://mariadb.com/kb/en/multilinestringfromtext/,3,1,,,
https://mariadb.com/kb/en/multipointfromtext/,3,1,,,
https://mariadb.com/kb/en/multipolygonfromtext/,3,1,,,
https://mariadb.com/kb/en/wkt-pointfromtext/,3,1,,,
https://mariadb.com/kb/en/wkt-polyfromtext/,3,1,,,
https://mariadb.com/kb/en/polygonfromtext/,3,1,,,
https://mariadb.com/kb/en/st_astext/,3,1,,,
https://mariadb.com/kb/en/st_aswkt/,3,1,,,
https://mariadb.com/kb/en/st_geomcollfromtext/,3,1,,,
https://mariadb.com/kb/en/st_geometrycollectionfromtext/,3,1,,,
https://mariadb.com/kb/en/st_geometryfromtext/,3,1,,,
https://mariadb.com/kb/en/st_geomfromtext/,3,1,,,
https://mariadb.com/kb/en/st_linefromtext/,3,1,,,
https://mariadb.com/kb/en/st_linestringfromtext/,3,1,,,
https://mariadb.com/kb/en/st_pointfromtext/,3,1,,,
https://mariadb.com/kb/en/st_polyfromtext/,3,1,,,
https://mariadb.com/kb/en/st_polygonfromtext/,3,1,,,
https://mariadb.com/kb/en/json-functions/,,2, JSON Functions,,
https://mariadb.com/kb/en/differences-between-json_query-and-json_value/,TBC,1,,,
https://mariadb.com/kb/en/jsonpath-expressions/,TBC,1,,,
https://mariadb.com/kb/en/json_array/,41,1,,,
https://mariadb.com/kb/en/json_arrayagg/,,3,,,
https://mariadb.com/kb/en/json_array_append/,41,1,,,
https://mariadb.com/kb/en/json_array_insert/,41,1,,,
https://mariadb.com/kb/en/json_compact/,41,1,,,
https://mariadb.com/kb/en/json_contains/,41,1,,,
https://mariadb.com/kb/en/json_contains_path/,41,1,,,
https://mariadb.com/kb/en/json_depth/,41,1,,,
https://mariadb.com/kb/en/json_detailed/,41,1,,,
https://mariadb.com/kb/en/json_equals/,TBC,1,,,
https://mariadb.com/kb/en/json_exists/,41,1,,,
https://mariadb.com/kb/en/json_extract/,41,1,,,
https://mariadb.com/kb/en/json_insert/,41,1,,,
https://mariadb.com/kb/en/json_keys/,41,1,,,
https://mariadb.com/kb/en/json_length/,41,1,,,
https://mariadb.com/kb/en/json_loose/,41,1,,,
https://mariadb.com/kb/en/json_merge/,41,1,,,
https://mariadb.com/kb/en/json_merge_patch/,TBC,1,,,
https://mariadb.com/kb/en/json_merge_preserve/,TBC,1,,,
https://mariadb.com/kb/en/json_normalize/,TBC,1,,,
https://mariadb.com/kb/en/json_object/,41,1, JSON_OBJECTAGG,,
https://mariadb.com/kb/en/json_objectagg/,3,, JSON_OBJECTAGG,,
https://mariadb.com/kb/en/json_overlaps/,TBC,1,,,
https://mariadb.com/kb/en/json_query/,41,1,,,
https://mariadb.com/kb/en/json_quote/,41,1,,,
https://mariadb.com/kb/en/json_remove/,41,1,,,
https://mariadb.com/kb/en/json_replace/,41,1,,,
https://mariadb.com/kb/en/json_search/,41,1,,,
https://mariadb.com/kb/en/json_set/,41,1,,,
https://mariadb.com/kb/en/json_table/,TBC,1,,,
https://mariadb.com/kb/en/json_type/,41,1,,,
https://mariadb.com/kb/en/json_unquote/,41,1,,,
https://mariadb.com/kb/en/json_valid/,41,1,,,
https://mariadb.com/kb/en/json_value/,41,1,,,
https://mariadb.com/kb/en/spider-functions/,,2, Spider Functions,,
https://mariadb.com/kb/en/spider_bg_direct_sql/,43,1,,,
https://mariadb.com/kb/en/spider_copy_tables/,43,1,,,
https://mariadb.com/kb/en/spider_direct_sql/,43,1,,,
https://mariadb.com/kb/en/spider_flush_table_mon_cache/,43,1,,,
https://mariadb.com/kb/en/window-functions/,,2, Window Functions,,
https://mariadb.com/kb/en/window-functions-overview/,TBC,1,,,
https://mariadb.com/kb/en/avg/,,3, AVG,,
https://mariadb.com/kb/en/bit_and/,,3, BIT_AND,,
https://mariadb.com/kb/en/bit_or/,,3, BIT_OR,,
https://mariadb.com/kb/en/library/bit_xor/,,3, BIT_XOR,,
https://mariadb.com/kb/en/count/,,3, COUNT,,
https://mariadb.com/kb/en/count-distinct/,,3, COUNT DISTINCT,,
https://mariadb.com/kb/en/group_concat/,,3, GROUP_CONCAT,,
https://mariadb.com/kb/en/json_arrayagg/,,3, JSON_ARRAYAGG,,
https://mariadb.com/kb/en/json_objectagg/,,3, JSON_OBJECTAGG,,
https://mariadb.com/kb/en/max/,,3, MAX,,
https://mariadb.com/kb/en/min/,,3, MIN,,
https://mariadb.com/kb/en/std/,,3, STD,,
https://mariadb.com/kb/en/stddev/,,3, STDDEV,,
https://mariadb.com/kb/en/stddev_pop/,,3, STDDEV_POP,,
https://mariadb.com/kb/en/stddev_samp/,,3, STDDEV_SAMP,,
https://mariadb.com/kb/en/sum/,,3, SUM,,
https://mariadb.com/kb/en/variance/,,3, VARIANCE,,
https://mariadb.com/kb/en/var_pop/,,3, VAR_POP,,
https://mariadb.com/kb/en/var_samp/,,3, VAR_SAMP,,
https://mariadb.com/kb/en/mariadb-administration/,,2, MariaDB Administration,,
https://mariadb.com/kb/en/replication-cluster-multi-master/,,2, High Availability & Performance Tuning,,
https://mariadb.com/kb/en/columns-storage-engines-and-plugins/,,2," Columns, Storage Engines, and Plugins",,
https://mariadb.com/kb/en/data-types/,,2, Data Types,,
https://mariadb.com/kb/en/data-types-numeric-data-types/,,2, Numeric Data Types,,
https://mariadb.com/kb/en/numeric-data-type-overview/,22,1,,,
https://mariadb.com/kb/en/tinyint/,22,1,,,
https://mariadb.com/kb/en/boolean/,22,1,,,
https://mariadb.com/kb/en/smallint/,22,1,,,
https://mariadb.com/kb/en/mediumint/,22,1,,,
https://mariadb.com/kb/en/int/,TBC,1,,,
https://mariadb.com/kb/en/integer/,TBC,1,,,
https://mariadb.com/kb/en/library/bigint/,22,1,,,
https://mariadb.com/kb/en/library/decimal/,22,1,,,
https://mariadb.com/kb/en/dec-numeric-fixed/,TBC,1,,,
https://mariadb.com/kb/en/number/,TBC,1,,,
https://mariadb.com/kb/en/float/,22,1,,,
https://mariadb.com/kb/en/double/,22,1,,,
https://mariadb.com/kb/en/double-precision/,TBC,1,,,
https://mariadb.com/kb/en/bit/,22,1,,,
https://mariadb.com/kb/en/floating-point-accuracy/,TBC,1,,,
https://mariadb.com/kb/en/int1/,TBC,1,,,
https://mariadb.com/kb/en/int2/,TBC,1,,,
https://mariadb.com/kb/en/int3/,TBC,1,,,
https://mariadb.com/kb/en/int4/,TBC,1,,,
https://mariadb.com/kb/en/int8/,TBC,1,,,
https://mariadb.com/kb/en/string-data-types/,,2, String Data Types,,
https://mariadb.com/kb/en/string-literals/,22,1,,,
https://mariadb.com/kb/en/binary/,22,1,,,
https://mariadb.com/kb/en/blob/,22,1,,,
https://mariadb.com/kb/en/blob-and-text-data-types/,22,1,,,
https://mariadb.com/kb/en/char/,22,1,,,
https://mariadb.com/kb/en/char-byte/,22,1,,,
https://mariadb.com/kb/en/enum/,22,1,,,
https://mariadb.com/kb/en/inet6/,,,,,
https://mariadb.com/kb/en/json-data-type/,22,1,,,
https://mariadb.com/kb/en/mediumblob/,22,1,,,
https://mariadb.com/kb/en/mediumtext/,22,1,,,
https://mariadb.com/kb/en/longblob/,22,1,,,
https://mariadb.com/kb/en/long-and-long-varchar/,TBC,1,,,
https://mariadb.com/kb/en/longtext/,22,1,,,
https://mariadb.com/kb/en/row/,22,1,,,
https://mariadb.com/kb/en/text/,22,1,,,
https://mariadb.com/kb/en/tinyblob/,22,1,,,
https://mariadb.com/kb/en/tinytext/,22,1,,,
https://mariadb.com/kb/en/varbinary/,22,1,,,
https://mariadb.com/kb/en/varchar/,22,1,,,
https://mariadb.com/kb/en/set-data-type/,22,1,,,
https://mariadb.com/kb/en/uuid-data-type/,TBC,1,,,
https://mariadb.com/kb/en/data-type-storage-requirements/,TBC,1,,,
https://mariadb.com/kb/en/supported-character-sets-and-collations/,TBC,1,,,
https://mariadb.com/kb/en/character-sets/,TBC,1,,,
https://mariadb.com/kb/en/date-and-time-data-types/,,2, Data and Time Data Types,,
https://mariadb.com/kb/en/date/,22,1,,,
https://mariadb.com/kb/en/time/,22,1,,,
https://mariadb.com/kb/en/datetime/,22,1,,,
https://mariadb.com/kb/en/timestamp/,22,1,,,
https://mariadb.com/kb/en/year-data-type/,22,1,,,
https://mariadb.com/kb/en/library/geometry-types/,22,1,,,
https://mariadb.com/kb/en/library/auto_increment/,22,1,,,
https://mariadb.com/kb/en/data-type-storage-requirements/,,3, Data Type Storage Requirements,,
https://mariadb.com/kb/en/auto_increment-faq/,TBC,1,,,
https://mariadb.com/kb/en/null-values/,TBC,1,,,
,,2, Character Sets and Collations,,
https://mariadb.com/kb/en/character-set-and-collation-overview/,TBC,1,,,
https://mariadb.com/kb/en/supported-character-sets-and-collations/,,3, Supported Character Sets and Collations,,
https://mariadb.com/kb/en/setting-character-sets-and-collations/,TBC,1,,,
https://mariadb.com/kb/en/unicode/,TBC,1,,,
https://mariadb.com/kb/en/show-character-set/,,3, SHOW CHARACTER SET,,
https://mariadb.com/kb/en/show-collation/,TBC,1,,,
https://mariadb.com/kb/en/information-schema-character_sets-table/,,3, Information Schema CHARACTER_SETS Table,,
https://mariadb.com/kb/en/information-schema-collations-table/,,3, Information Schema COLLATIONS Table,,
https://mariadb.com/kb/en/internationalization-and-localization/,TBC,1,,,
https://mariadb.com/kb/en/set-character-set/,,3, SET CHARACTER SET,,
https://mariadb.com/kb/en/set-names/,,3, SET NAMES,,
,,2, Storage Engines,,
https://mariadb.com/kb/en/choosing-the-right-storage-engine/,TBC,1,,,
,,2, InnoDB,,
https://mariadb.com/kb/en/innodb-versions/,TBC,1,,,
https://mariadb.com/kb/en/innodb-limitations/,TBC,1,,,
https://mariadb.com/kb/en/innodb-troubleshooting/,,2, InnoDB Troubleshooting,,
https://mariadb.com/kb/en/innodb-troubleshooting-overview/,TBC,1,,,
https://mariadb.com/kb/en/innodb-data-dictionary-troubleshooting/,TBC,1,,,
https://mariadb.com/kb/en/innodb-recovery-modes/,TBC,1,,,
https://mariadb.com/kb/en/troubleshooting-row-size-too-large-errors-with-innodb/,TBC,1,,,
https://mariadb.com/kb/en/innodb-system-variables/,TBC,1,,,
https://mariadb.com/kb/en/innodb-status-variables/,TBC,1,,,
https://mariadb.com/kb/en/auto_increment-handling-in-innodb/,TBC,1,,,
https://mariadb.com/kb/en/innodb-buffer-pool/,TBC,1,,,
https://mariadb.com/kb/en/innodb-change-buffering/,TBC,1,,,
https://mariadb.com/kb/en/innodb-doublewrite-buffer/,TBC,1,,,
https://mariadb.com/kb/en/innodb-tablespaces/,,2, InnoDB Tablespaces,,
https://mariadb.com/kb/en/innodb-system-tablespaces/,TBC,1,,,
https://mariadb.com/kb/en/innodb-file-per-table-tablespaces/,TBC,1,,,
https://mariadb.com/kb/en/innodb-temporary-tablespaces/,TBC,1,,,
https://mariadb.com/kb/en/innodb-file-format/,TBC,1,,,
https://mariadb.com/kb/en/innodb-row-formats/,,2,,,
https://mariadb.com/kb/en/innodb-row-formats-overview/,TBC,1,,,
https://mariadb.com/kb/en/innodb-redundant-row-format/,TBC,1,,,
https://mariadb.com/kb/en/innodb-compact-row-format/,TBC,1,,,
https://mariadb.com/kb/en/innodb-dynamic-row-format/,TBC,1,,,
https://mariadb.com/kb/en/innodb-compressed-row-format/,TBC,1,,,
https://mariadb.com/kb/en/troubleshooting-row-size-too-large-errors-with-innodb/,,3, Troubleshooting Row Size Too Large Errors with InnoDB,,
https://mariadb.com/kb/en/innodb-strict-mode/,TBC,1,,,
https://mariadb.com/kb/en/innodb-redo-log/,TBC,1,,,
https://mariadb.com/kb/en/innodb-undo-log/,TBC,1,,,
https://mariadb.com/kb/en/innodb-page-flushing/,TBC,1,,,
https://mariadb.com/kb/en/innodb-purge/,TBC,1,,,
https://mariadb.com/kb/en/information-schema-innodb-tables/,,3, Information Schema InnoDB Tables ,,
https://mariadb.com/kb/en/information-schema-xtradb-tables/,,0,,,
https://mariadb.com/kb/en/innodb-online-ddl/,,2, InnoDB Online DDL,,
https://mariadb.com/kb/en/innodb-online-ddl-overview/,TBC,1,,,
https://mariadb.com/kb/en/innodb-online-ddl-operations-with-the-inplace-alter-algorithm/,TBC,1,,,
https://mariadb.com/kb/en/innodb-online-ddl-operations-with-the-nocopy-alter-algorithm/,TBC,1,,,
https://mariadb.com/kb/en/innodb-online-ddl-operations-with-the-instant-alter-algorithm/,TBC,1,,,
https://mariadb.com/kb/en/instant-add-column-for-innodb/,TBC,1,,,
https://mariadb.com/kb/en/binary-log-group-commit-and-innodb-flushing-performance/,TBC,1,,,
https://mariadb.com/kb/en/innodb-page-compression/,,,,,
https://mariadb.com/kb/en/innodb-data-scrubbing/,,,,,
https://mariadb.com/kb/en/innodb-lock-modes/,,,,,
https://mariadb.com/kb/en/xtradb-innodb-monitors/,,,,,
https://mariadb.com/kb/en/innodb-encryption-overview/,,,,,
https://mariadb.com/kb/en/about-xtradb/,,0,,,
https://mariadb.com/kb/en/using-innodb-instead-of-xtradb/,,0,,,
https://mariadb.com/kb/en/mariadb-columnstore/,,1, MariaDB ColumnStore,1.1.3.1,"NOTE: This is a category, but the content is required too"
https://mariadb.com/kb/en/aria/,,2, Aria,1.1.4.1,
https://mariadb.com/kb/en/aria-storage-engine/,TBC,1,,1.1.4.1,
https://mariadb.com/kb/en/aria-clients-and-utilities/,,2, Aria Clients and Utilities,1.1.4.2,
https://mariadb.com/kb/en/aria_chk/,TBC,1,,1.1.4.2.1,
https://mariadb.com/kb/en/aria_pack/,TBC,1,,1.1.4.2.2,
https://mariadb.com/kb/en/aria_read_log/,TBC,1,,1.1.4.2.3,
https://mariadb.com/kb/en/aria_s3_copy/,TBC,1,,1.1.4.2.4,
https://mariadb.com/kb/en/aria-faq/,TBC,1,,1.1.4.3,
https://mariadb.com/kb/en/aria-storage-formats/,TBC,1,,1.1.4.4,
https://mariadb.com/kb/en/aria-status-variables/,TBC,1,,1.1.4.5,
https://mariadb.com/kb/en/aria-system-variables/,TBC,1,,1.1.4.6,
https://mariadb.com/kb/en/aria-group-commit/,TBC,1,,1.1.4.7,
https://mariadb.com/kb/en/benchmarking-aria/,TBC,1,,1.1.4.8,
https://mariadb.com/kb/en/aria-two-step-deadlock-detection/,TBC,1,,1.1.4.9,
https://mariadb.com/kb/en/aria-encryption-overview/,TBC,1,,1.1.4.10,
https://mariadb.com/kb/en/the-aria-name/,TBC,1,,1.1.4.11,
https://mariadb.com/kb/en/archive/,TBC,1, Archive,1.1.5,Weirdly also a category
https://mariadb.com/kb/en/blackhole/,TBC,1, BLACKHOLE,1.1.6,
https://mariadb.com/kb/en/connect/,TBC,1, CONNECT,1.1.7,Category
https://mariadb.com/kb/en/introduction-to-the-connect-engine/,TBC,1,,1.1.7.1,
https://mariadb.com/kb/en/installing-the-connect-storage-engine/,TBC,1,,1.1.7.2,
https://mariadb.com/kb/en/creating-and-dropping-connect-tables/,TBC,1,,1.1.7.3,
https://mariadb.com/kb/en/connect-data-types/,TBC,1,,1.1.7.4,
https://mariadb.com/kb/en/current-status-of-the-connect-handler/,TBC,1,,1.1.7.5,
https://mariadb.com/kb/en/connect-table-types/,TBC,1, CONNECT Table Types,1.1.7.6,Category
https://mariadb.com/kb/en/connect-table-types-overview/,TBC,1,,1.1.7.6.1,
https://mariadb.com/kb/en/inward-and-outward-tables/,TBC,1,,1.1.7.6.2,
https://mariadb.com/kb/en/connect-table-types-data-files/,TBC,1,,1.1.7.6.3,
https://mariadb.com/kb/en/connect-zipped-file-tables/,TBC,1,,1.1.7.6.4,
https://mariadb.com/kb/en/connect-dos-and-fix-table-types/,TBC,1,,1.1.7.6.5,
https://mariadb.com/kb/en/connect-dbf-table-type/,TBC,1,,1.1.7.6.6,
https://mariadb.com/kb/en/connect-bin-table-type/,TBC,1,,1.1.7.6.7,
https://mariadb.com/kb/en/connect-vec-table-type/,TBC,1,,1.1.7.6.8,
https://mariadb.com/kb/en/connect-csv-and-fmt-table-types/,TBC,1,,1.1.7.6.9,
https://mariadb.com/kb/en/connect-nosql-table-types/,TBC,1,,1.1.7.6.10,
https://mariadb.com/kb/en/connect-files-retrieved-using-rest-queries/,TBC,1,,1.1.7.6.11,
https://mariadb.com/kb/en/connect-json-table-type/,TBC,1,,1.1.7.6.12,
https://mariadb.com/kb/en/connect-xml-table-type/,TBC,1,,1.1.7.6.13,
https://mariadb.com/kb/en/connect-ini-table-type/,TBC,1,,1.1.7.6.14,
https://mariadb.com/kb/en/connect-external-table-types/,TBC,1,,1.1.7.6.15,
https://mariadb.com/kb/en/connect-odbc-table-type-accessing-tables-from-another-dbms/,TBC,1,,1.1.7.6.16,
https://mariadb.com/kb/en/connect-jdbc-table-type-accessing-tables-from-another-dbms/,TBC,1,,1.1.7.6.17,
https://mariadb.com/kb/en/connect-mongo-table-type/,TBC,1,,1.1.7.6.18,
https://mariadb.com/kb/en/connect-mysql-table-type-accessing-mysqlmariadb-tables/,TBC,1,,1.1.7.6.19,
https://mariadb.com/kb/en/connect-proxy-table-type/,TBC,1,,1.1.7.6.20,
https://mariadb.com/kb/en/connect-xcol-table-type/,TBC,1,,1.1.7.6.21,
https://mariadb.com/kb/en/connect-occur-table-type/,TBC,1,,1.1.7.6.22,
https://mariadb.com/kb/en/connect-pivot-table-type/,TBC,1,,1.1.7.6.23,
https://mariadb.com/kb/en/connect-tbl-table-type-table-list/,TBC,1,,1.1.7.6.24,
https://mariadb.com/kb/en/connect-using-the-tbl-and-mysql-table-types-together/,TBC,1,,1.1.7.6.25,
https://mariadb.com/kb/en/connect-table-types-special-virtual-tables/,TBC,1,,1.1.7.6.26,
https://mariadb.com/kb/en/connect-table-types-vir/,TBC,1,,1.1.7.6.27,
https://mariadb.com/kb/en/connect-table-types-oem/,TBC,1,,1.1.7.6.28,
https://mariadb.com/kb/en/connect-table-types-catalog-tables/,TBC,1,,1.1.7.6.29,
https://mariadb.com/kb/en/connect-security/,TBC,1,,1.1.7.7,
https://mariadb.com/kb/en/connect-oem-table-example/,TBC,1,,1.1.7.8,
https://mariadb.com/kb/en/using-connect/,TBC,1, Using CONNECT,1.1.7.9,Category
https://mariadb.com/kb/en/using-connect-general-information/,TBC,1,,1.1.7.9.1,
https://mariadb.com/kb/en/using-connect-virtual-and-special-columns/,TBC,1,,1.1.7.9.2,
https://mariadb.com/kb/en/using-connect-importing-file-data-into-mariadb-tables/,TBC,1,,1.1.7.9.3,
https://mariadb.com/kb/en/using-connect-exporting-data-from-mariadb/,TBC,1,,1.1.7.9.4,
https://mariadb.com/kb/en/using-connect-indexing/,TBC,1,,1.1.7.9.5,
https://mariadb.com/kb/en/using-connect-condition-pushdown/,TBC,1,,1.1.7.9.6,
https://mariadb.com/kb/en/using-connect-offline-documentation/,TBC,1,,1.1.7.9.7,
https://mariadb.com/kb/en/using-connect-partitioning-and-sharding/,TBC,1,,1.1.7.9.8,
https://mariadb.com/kb/en/connect-making-the-getrest-library/,TBC,1,,1.1.7.10,
https://mariadb.com/kb/en/connect-adding-the-rest-feature-as-a-library-called-by-an-oem-table/,TBC,1,,1.1.7.11,
https://mariadb.com/kb/en/connect-compiling-json-udfs-in-a-separate-library/,TBC,1,,1.1.7.12,
https://mariadb.com/kb/en/connect-system-variables/,TBC,1,,1.1.7.13,
https://mariadb.com/kb/en/json-sample-files/,TBC,1,,1.1.7.14,
https://mariadb.com/kb/en/csv/,,2, CSV,1.1.8,
https://mariadb.com/kb/en/csv-overview/,TBC,1,,1.1.8.1,
https://mariadb.com/kb/en/checking-and-repairing-csv-tables/,TBC,1,,1.1.8.2,
https://mariadb.com/kb/en/federatedx-storage-engine/,,2, FederatedX,1.1.9,
https://mariadb.com/kb/en/about-federatedx/,TBC,1,,1.1.9.1,
https://mariadb.com/kb/en/differences-between-federatedx-and-federated/,TBC,1,,1.1.9.2,
https://mariadb.com/kb/en/memory-storage-engine/,TBC,1,,1.1.10,
https://mariadb.com/kb/en/merge/,TBC,1, ,1.1.11,
https://mariadb.com/kb/en/mroonga/,,2, Mroonga,1.1.12,
https://mariadb.com/kb/en/about-mroonga/,TBC,1,,1.1.12.1,
https://mariadb.com/kb/en/mroonga-overview/,TBC,1,,1.1.12.2,
https://mariadb.com/kb/en/mroonga-status-variables/,TBC,1,,1.1.12.3,
https://mariadb.com/kb/en/mroonga-system-variables/,TBC,1,,1.1.12.4,
https://mariadb.com/kb/en/mroonga-user-defined-functions/,,2,,1.1.12.5,
https://mariadb.com/kb/en/creating-mroonga-user-defined-functions/,TBC,1,,1.1.12.5.1,
https://mariadb.com/kb/en/last_insert_grn_id/,TBC,1,,1.1.12.5.2,
https://mariadb.com/kb/en/mroonga_command/,TBC,1,,1.1.12.5.3,
https://mariadb.com/kb/en/mroonga_escape/,TBC,1,,1.1.12.5.4,
https://mariadb.com/kb/en/mroonga_highlight_html/,TBC,1,,1.1.12.5.5,
https://mariadb.com/kb/en/mroonga_normalize/,TBC,1,,1.1.12.5.6,
https://mariadb.com/kb/en/mroonga_snippet/,TBC,1,,1.1.12.5.7,
https://mariadb.com/kb/en/mroonga_snippet_html/,TBC,1,,1.1.12.5.8,
https://mariadb.com/kb/en/information-schema-mroonga_stats-table/,TBC,1,,1.1.12.6,
https://mariadb.com/kb/en/myisam-storage-engine/,TBC,1, MyISAM,1.1.13,Category
https://mariadb.com/kb/en/myisam-overview/,TBC,1,,1.1.13.1,
https://mariadb.com/kb/en/myisam-system-variables/,TBC,1,,1.1.13.2,
https://mariadb.com/kb/en/myisam-storage-formats/,TBC,1,,1.1.13.3,
https://mariadb.com/kb/en/myisam-clients-and-utilities/,,, MyISAM Clients and Utilities,1.1.13.4,
https://mariadb.com/kb/en/myisamchk/,TBC,1,,1.1.13.4.1,
https://mariadb.com/kb/en/memory-and-disk-use-with-myisamchk/,TBC,1,,1.1.13.4.2,
https://mariadb.com/kb/en/myisamchk-table-information/,TBC,1,,1.1.13.4.3,
https://mariadb.com/kb/en/myisamlog/,TBC,1,,1.1.13.4.4,
https://mariadb.com/kb/en/myisampack/,TBC,1,,1.1.13.4.5,
https://mariadb.com/kb/en/myisam_ftdump/,TBC,1,,1.1.13.4.6,
https://mariadb.com/kb/en/myisam-index-storage-space/,TBC,1,,1.1.13.5,
https://mariadb.com/kb/en/myisam-log/,TBC,1,,1.1.13.6,
https://mariadb.com/kb/en/concurrent-inserts/,TBC,1,,1.1.13.7,
https://mariadb.com/kb/en/segmented-key-cache/,TBC,1,,1.1.13.8,
https://mariadb.com/kb/en/myrocks/,,1, MyRocks,1.1.14,Category
https://mariadb.com/kb/en/about-myrocks-for-mariadb/,TBC,1,,1.1.14.1,
https://mariadb.com/kb/en/getting-started-with-myrocks/,TBC,1,,1.1.14.2,
https://mariadb.com/kb/en/building-myrocks-in-mariadb/,TBC,1,,1.1.14.3,
https://mariadb.com/kb/en/loading-data-into-myrocks/,TBC,1,,1.1.14.4,
https://mariadb.com/kb/en/myrocks-status-variables/,TBC,1,,1.1.14.5,
https://mariadb.com/kb/en/myrocks-system-variables/,TBC,1,,1.1.14.6,
https://mariadb.com/kb/en/myrocks-transactional-isolation/,TBC,1,,1.1.14.7,
https://mariadb.com/kb/en/myrocks-and-replication/,TBC,1,,1.1.14.8,
https://mariadb.com/kb/en/myrocks-and-group-commit-with-binary-log/,TBC,1,,1.1.14.9,
https://mariadb.com/kb/en/optimizer-statistics-in-myrocks/,TBC,1,,1.1.14.10,
https://mariadb.com/kb/en/differences-between-myrocks-variants/,TBC,1,,1.1.14.11,
https://mariadb.com/kb/en/myrocks-and-bloom-filters/,TBC,1,,1.1.14.12,
https://mariadb.com/kb/en/myrocks-and-check-table/,TBC,1,,1.1.14.13,
https://mariadb.com/kb/en/myrocks-and-data-compression/,TBC,1,,1.1.14.14,
https://mariadb.com/kb/en/myrocks-and-index-only-scans/,TBC,1,,1.1.14.15,
https://mariadb.com/kb/en/myrocks-and-start-transaction-with-consistent-snapshot/,TBC,1,,1.1.14.16,
https://mariadb.com/kb/en/myrocks-column-families/,TBC,1,,1.1.14.17,
https://mariadb.com/kb/en/myrocks-in-mariadb-102-vs-mariadb-103/,TBC,1,,1.1.14.18,
https://mariadb.com/kb/en/myrocks-performance-troubleshooting/,TBC,1,,1.1.14.19,
https://mariadb.com/kb/en/oqgraph-storage-engine/,,1, OQGRAPH,1.1.15,Category
https://mariadb.com/kb/en/installing-oqgraph/,TBC,1,,1.1.15.1,
https://mariadb.com/kb/en/oqgraph-overview/,TBC,1,,1.1.15.2,
https://mariadb.com/kb/en/oqgraph-examples/,TBC,1,,1.1.15.3,
https://mariadb.com/kb/en/compiling-oqgraph/,TBC,1,,1.1.15.4,
https://mariadb.com/kb/en/building-oqgraph-under-windows/,TBC,1,,1.1.15.5,
https://mariadb.com/kb/en/oqgraph-system-and-status-variables/,TBC,1,,1.1.15.6,
https://mariadb.com/kb/en/s3-storage-engine/,,1, S Storage Engine,1.1.16,Category
https://mariadb.com/kb/en/using-the-s3-storage-engine/,TBC,1,,1.1.16.1,
https://mariadb.com/kb/en/testing-the-connections-to-s3/,TBC,1,,1.1.16.2,
https://mariadb.com/kb/en/s3-storage-engine-internals/,TBC,1,,1.1.16.3,
https://mariadb.com/kb/en/aria_s3_copy/,TBC,1,,1.1.16.4,
https://mariadb.com/kb/en/s3-storage-engine-status-variables/,TBC,1,,1.1.16.5,
https://mariadb.com/kb/en/s3-storage-engine-system-variables/,TBC,1,,1.1.16.6,
https://mariadb.com/kb/en/sequence-storage-engine/,TBC,1,,1.1.17,
https://mariadb.com/kb/en/sphinx-storage-engine/,,1, SphinxSE,1.1.18,Category
https://mariadb.com/kb/en/about-sphinxse/,TBC,1,,1.1.18.1,
https://mariadb.com/kb/en/installing-sphinx/,TBC,1,,1.1.18.2,
https://mariadb.com/kb/en/configuring-sphinx/,TBC,1,,1.1.18.3,
https://mariadb.com/kb/en/installing-and-testing-sphinxse-with-mariadb/,TBC,1,,1.1.18.4,
https://mariadb.com/kb/en/sphinx-status-variables/,TBC,1,,1.1.18.5,
https://mariadb.com/kb/en/spider/,,1,,1.1.19,Category
https://mariadb.com/kb/en/spider-storage-engine-overview/,,,,1.1.19.1,
https://mariadb.com/kb/en/spider-installation/,,,,1.1.19.2,
https://mariadb.com/kb/en/spider-storage-engine-core-concepts/,,,,1.1.19.3,
https://mariadb.com/kb/en/spider-use-cases/,,,,1.1.19.4,
https://mariadb.com/kb/en/spider-cluster-management/,,,,1.1.19.5,
https://mariadb.com/kb/en/spider-feature-matrix/,,,,1.1.19.6,
https://mariadb.com/kb/en/spider-server-system-variables/,,,,1.1.19.7,
https://mariadb.com/kb/en/spider-table-system-variables/,,,,1.1.19.8,
https://mariadb.com/kb/en/spider-status-variables/,,,,1.1.19.9,
https://mariadb.com/kb/en/spider-functions/,,3, Spider Functions,1.1.19.10,Category
https://mariadb.com/kb/en/spider_bg_direct_sql/,,3, SPIDER_BG_DIRECT_SQL,1.1.19.10.1,
https://mariadb.com/kb/en/spider_copy_tables/,,3, SPIDER_COPY_TABLES,1.1.19.10.2,
https://mariadb.com/kb/en/spider_direct_sql/,,3, SPIDER_DIRECT_SQL,1.1.19.10.3,
https://mariadb.com/kb/en/spider_flush_table_mon_cache/,,3, SPIDER_FLUSH_TABLE_MON_CACHE,1.1.19.10.4,
https://mariadb.com/kb/en/spider-mysql-database-tables/,,3, Spider mysql Database Tables,1.1.19.11,Category
https://mariadb.com/kb/en/mysqlspider_link_failed_log-table/,,3, mysqlspider_link_failed_log Table,1.1.19.11.1,
https://mariadb.com/kb/en/mysqlspider_link_mon_servers-table/,,3, mysqlspider_link_mon_servers Table,1.1.19.11.2,
https://mariadb.com/kb/en/mysqlspider_tables-table/,,3, mysqlspider_tables Table,1.1.19.11.3,
https://mariadb.com/kb/en/mysqlspider_table_crd-table/,,3, mysqlspider_table_crd Table,1.1.19.11.4,
https://mariadb.com/kb/en/mysqlspider_table_position_for_recovery-table/,,3, mysqlspider_table_position_for_recovery Table,1.1.19.11.5,
https://mariadb.com/kb/en/mysqlspider_table_sts-table/,,3, mysqlspider_table_sts Table,1.1.19.11.6,
https://mariadb.com/kb/en/mysqlspider_xa-table/,,3, mysqlspider_xa Table,1.1.19.11.7,
https://mariadb.com/kb/en/mysqlspider_xa_failed_log-table/,,3, mysqlspider_xa_failed_log Table,1.1.19.11.8,
https://mariadb.com/kb/en/mysqlspider_xa_member-table/,,3, mysqlspider_xa_member Table,1.1.19.11.9,
https://mariadb.com/kb/en/information-schema-spider_alloc_mem-table/,,3, Information Schema SPIDER_ALLOC_MEM Table,1.1.19.12,
https://mariadb.com/kb/en/information-schema-spider_wrapper_protocols-table/,,3, Information Schema SPIDER_WRAPPER_PROTOCOLS Table,1.1.19.13,
https://mariadb.com/kb/en/spider-differences-between-spiderformysql-and-mariadb/,TBC,1,,1.1.19.14,
https://mariadb.com/kb/en/spider-case-studies/,TBC,1,,1.1.19.15,
https://mariadb.com/kb/en/spider-benchmarks/,TBC,1,,1.1.19.16,
https://mariadb.com/kb/en/spider-faq/,TBC,1,,1.1.19.17,
https://mariadb.com/kb/en/tokudb/,,0,,,
https://mariadb.com/kb/en/installing-tokudb/,,0,,,
https://mariadb.com/kb/en/tokudb-differences/,,0,,,
https://mariadb.com/kb/en/tokudb-resources/,,0,,,
https://mariadb.com/kb/en/tokudb-status-variables/,,0,,,
https://mariadb.com/kb/en/tokudb-system-variables/,,0,,,
https://mariadb.com/kb/en/information-schema-engines-table/,,3, Information Schema ENGINES Table,1.1.20,
https://mariadb.com/kb/en/performance_schema-storage-engine/,,3, PERFORMANCE_SCHEMA Storage Engine,1.1.21,
https://mariadb.com/kb/en/legacy-storage-engines/,,0,,,
https://mariadb.com/kb/en/bdb-obsolete/,,0,,,
https://mariadb.com/kb/en/cassandra/,,0,,,
https://mariadb.com/kb/en/cassandra-storage-engine-overview/,,0,,,
https://mariadb.com/kb/en/cassandra-storage-engine-use-example/,,0,,,
https://mariadb.com/kb/en/cassandra-storage-engine-issues/,,0,,,
https://mariadb.com/kb/en/cassandra-storage-engine-future-plans/,,0,,,
https://mariadb.com/kb/en/handling-joins-with-cassandra/,,0,,,
https://mariadb.com/kb/en/virtual-machine-to-test-the-cassandra-storage-engine/,,0,,,
https://mariadb.com/kb/en/building-cassandra-storage-engine/,,0,,,
https://mariadb.com/kb/en/building-cassandra-storage-engine-for-packaging/,,0,,,
https://mariadb.com/kb/en/cassandra-status-variables/,,0,,,
https://mariadb.com/kb/en/cassandra-system-variables/,,0,,,
https://mariadb.com/kb/en/storage-engines-storage-engine-development/,,2, Storage Engine Development,1.1.22,
https://mariadb.com/kb/en/storage-engine-faq/,TBC,1,,1.1.22.1,
https://mariadb.com/kb/en/engine-defined-new-tablefieldindex-attributes/,TBC,1,,1.1.22.2,
https://mariadb.com/kb/en/table-discovery/,TBC,1,,1.1.22.3,
https://mariadb.com/kb/en/table-discovery-before-1002/,,0,,,
https://mariadb.com/kb/en/converting-tables-from-myisam-to-innodb/,TBC,1,,1.1.23,
https://mariadb.com/kb/en/machine-learning-with-mindsdb/,TBC,1,,1.1.24,
https://mariadb.com/kb/en/plugins/,,1, Plugins,,Category
,,,,,
,,,,,
https://mariadb.com/kb/en/mariadb-community-bug-reporting/,TBC,1,,,
